,id,correct,date,naive_date_confidence,total,naive_total_confidence,text
32,73,False,2016-01-20 19:11:51,0.6935666666666667,0.1,0.3346,"Carrefour city
CRF-CITY LA ROCHELLE
33 RUE DE LA SCIERIE
17000 LA ROCHELLE
Tel : 05.46.27.02.12
DESCRIPTION QTE MONTANT
150G CHIPS GOURMAN 0.66€
1L PS VELOUTE LEG 1.88€
200G  CHOCOLAT LAIT 1.98€
420G  SAUCE NAPOLIT 1.13€
BEIGNETS CALAMARS 2.34€
BROCOLI FILME 0.99€
CLEMENTINE 1.36€
0.5900kg x 2.30€/kg
EMMENTAL RAPE CRF 1.57€
PET 1.5L EAU MIN. 0.58€
PIZZA TONNO 2.52€
SAC POCKET CARREFO 1.00€
11 ARTICLE (S) TOTAL A PAYER 16.0€
CARTE BANCAIRE EMV EUR 16.0l€
Si vous aviez la carte fidélité,
vous auriez cumulé 0.10€ sur
votre compte fidélité Carrefour,.
Détails:
200G CHOCOLAT LAIT 0.10€
0008 003 000416 20/01/2016 19:11:51
MERCI DE VOTRE VISITE
A BIENTOT
"
97,248,False,2016-12-18 12:17:39,0.6854666666666667,27.49,0.6675666666666668,"Carrefour
market
Carrefour market AYTRE
Tel : 0546457320
Lundi au Samedi de 9h à 20h00
Dimanche 9h à 12h30
Rue Nicolas Gargot 17440 Aytré.
DESCRIPTION QTE MONTANT
80G CROC NOIR 80% 0.96€
CH0C0 NR 60% MADAG 0.96€
REMISE -0.42€
LT2X250G MLU CLASS 3x 5.85 17.55€
REMISE -5.85€
LT3X100G.EXT SUP.N 2.69€
*MACARON FRAMBOISE 1.60€
TOTAL ALIMENTAIRE 17.49€
BUGGY RC 1/18 >E 10.00€
TOTAL NON ALIMENTAIRE I0.00€
8 ARTICLE(S) TOTAL AVANT REMISES 33.76€
TOTAL REMISES IMMEDIATES -6.27€
TOTAL DES AVANTAGES DU JOUR -6.27€*
8 ARTICLE(S) TOTAL A PAYER 27.49€
ESPECES EUR 30.09€
Votre Monnaie -2.60€
0109 007 000080 18/12/2016 12:17:39
CARREFOUR MARKET AYTRE
Vous remercie de votre visite
A BIENTOT
Bravo vous avez cumule 2.0
Vignette(s) par operation
"
135,357,False,2017-06-12 11:40:24,0.6845,1.7,0.3349333333333333,"city
CRF-CITY LA ROCHELLE
33 RUE DE LA SCIERIE
17000 LA ROCHELLE
Tel : 05.46.27.02.12
DESCRIPTION QTE MONTANT
*500G CAROT.RAP.CRF 1.17€
*LT3X22G HWD 2FRESH 2.72€
MOUSSE AU CHOCOLAT 2x 3.11 6.22€
TABOULE VOLAILLE 1.70€
5 ARTICLE(S) TOTAL A PAYER 11.8l€
CB EMV SANS CONTACT EUR 11.8l€
0007 004 000062 12/06/2017 11:40:24
MERCI DE VOTRE VISITE
A BIENTOT
"
229,566,False,2017-03-18 16:44:16,0.6758000000000001,10.07,0.6673333333333333,"market
VAUVERT
Tel : 04 66 88 98 98
Lundi au Samedi de 8H30 à 19H30
Dimanche 9H00 a 12H30
Bienvenue chez Carrefour Market
DESCRIPTION QTE MONTANT
*1.5L MOJITO 7UP 1.55€
*AIGUILL.POULET X2 2.66€
BAGUETTE 250 0.55€
*CAMEMBER.LANQUETO 2.31€
*CERVELAS 200G 1.56€
*EMINCES DE GESIERS 2.21€
*KNACKI -25%SEL 1.30€
*PET 2L TROPICANA M 3.52€
*TERR.CAMP.CRF 180G 1.25€
TOTAL ALIMENTAIRE 16.91€
BLOC ENERGY OCEAN 2.16€
TOTAL BEAUTE / SANTE / HYGIENE 2.16€
10 ARTICLE(S) TOTAL A PAYER 19.07€
TITRES RESTAURANT EUR 9.00€
Référence 0766992348900900204
CARTE BANCAIRE EMV EUR 10.07€
Carte : 9135720000502559663
(*) Articles Eligibles aux TR 16.91€
0120 005 000134 18/03/2017 16:44:16
TOUTE L\'EQUIPE DE MARKET
VOUS REMERCIE DE VOTRE VISITE
"
236,580,False,2017-02-04 13:55:54,0.6736333333333333,14.57,0.6673,"market
VAUVERT
Tel : 04 66 88 98 98
Lundi au Samedi de 8H30 à 19H30
Dimanche 9H00 à 12H30
Bienvenue chez Carrefour Market
DESCRIPTION QTE MONTANT
180G SCE TOM AIL 0.99€
*2.5KG PDT CONS FQC 3.69€
*BAGUETTE BIO 250G 1.20€
*BRIE ROITELET 3.86€
0.3401 x 11.35€
*CHOUCROUTE GARNIE 3.90€
*KIWI PIECE 12x 0.25 3.00€
REMISE -1.02€
*TABOULE ORIENTAL 2.45€
TOTAL ALIMENTAIRE 18.07€
DEO BILLE FEM NART 2.28€
FILM 30M 1.40€
SERUM PHYSIOLOGIQU 1.62€
TOTAL BEAUTE / SANTE ! HYGIENE 5.30€
21 ARTICLE(S) TOTAL AVANT REMISES 24.39€
TOTAL REMISES IMMEDIATES -1.02€
TOTAL DES AVANTAGES DU JOUR -1.02€
21 ARTICLE(S) TOTAL A PAYER 23.37€
TITRES RESTAURANT EUR 8.80€
Référence 0319408264700880250
CARTE BANCAIRE EMV EUR 14.57€
Carte : 9135720000502559663
(*) Articles Eligibles aux TR 17.08€
0116 007 000098 04/02/2017 13:55:54
TOUTE L’EQUIPE DE MARKET
VOUS REMERCIE DE VOTRE VISITE
Bravo vous avez cumule 2.0
Vignette(s) par operation"
246,596,False,2005-09-02 06:17:17,0.5420666666666667,148.0,0.1684999999999999,"Bienvenue chez
Carrefour
* ST BRIEUC BIENVENUE *
TEL : 02.96.60.91.79
Lundi au samedi de 9h00 à 21h00
DESIGNATION P.U x QTE M
ONTANT
6 INST 20X30
3.90
Total Non Alimentaire
3.90
1 ARTICLE TOTAL A PAYER
3.90
€ Cartes Bancaires
3.90
9999052714800201706171729
17.06.17 17:29 0527148 0020 430
J\'OPTIMISME
"
247,598,False,1979-01-09 00:00:00,0.3040333333333333,1.56,0.5021,"CARREFOUR SAINT BRIEUC
RUE JULES VERNES RN12
22360, LANGUEUX
02 96 60 91 79
Magasin : 1228194
Juin 17, 2017 17:51:38
KODAK Picture Kiosk
K4535-5393
(4) 10 x 15 cm € 1,56
Sous-total €1,56
Montant dû €,.56
REÇU A CONSERVER
Vous déclarez avoir conservé une copie
de l’intégralité des fichiers contenus
sur votre support inséré dans la station
numérique KODAK lors de votre comnande
Eléments vendus 4
*Exemplaire du client*
ID de la comnande 1-7766
"
251,605,False,2017-07-15 11:56:00,0.7412000000000001,11.65,0.6690999999999999,"PRIMEURS 17
06 63 28 50 44
Balance: 3 Client: 64
Date : 15/07/2017 11:56
Vendeur : 3 GILLOU
Rayon : 1 -
Num Ticket : 162
kg € /kg €
abricot
O,970 3,90 3,78
brugnon blanc
1,090 3,40 3,71
peche Jaune
0,530 3,40 1,80
avocat
2 Art x 1,50 3,00
TOTAL: 12,29
Dont TVA 5,50%: 0,64 €
Total TVA : 0,64 €
Total HT : 11,65 €
4 transaction(s)
5 Article(+)"
261,629,False,2017-06-22 16:43:00,0.6689999999999999,40.1,0.3342666666666666,"SUPER U
Route de Codognan
30310 VERGEZE
Tel : 04.66.35.36.30
De 8h30 A 20h00
Le dimanche de 8h30 A 12h30
Opérateur Date Heure TPV Ticket
224 CD 22/06/17 16:43 5 672902
>>>> EPICERIE
PORRIDGE FIQUE/FRAMB.BJ0RG375G 3.48 €
JB LENTILLES CUIS.LEG.BIO 400G 2.59 €
MOULIN.LEG.PRINT.BIO POTAG. 1L 2.55 €
GALETTES 4CER.RIZ C.U BIO 130G
2 x 0.99 1,98 €
TOTAL 5 Article(s) 10.60 €
ESPECES 50.70 €
Rendu ESPECES 40.10 €
11 / Taux Réduit 5.5% = 0,55 €
AVEC LA CARTE U VOUS AURIEZ OBTENU
0.10 €
Opérateur Date Heure TPV Ticket
224 CD 22/06/17 16:43 5 672902
MERCI DE VOTRE VISITE
A BIENTOT
TICKET A CONSERVER
6690130005672902
"
262,630,False,1986-05-03 06:20:17,0.5078,38.34,0.5008666666666667,"LEROY MERLIN
PUILBOREAU
tel : 05.46.68.32.32
cour matériaux : 7h30-20h
magasin : 8h00 – 20h
www.leroymerlin.fr
Vente
ELECTRICITE-PLOMBERIE EUR
4 CACHES PRISES 16A BLANC LEGRAND
H 3245060958411 2 x 5.05 10.10
SANITAIRE
ABATTANT BOLERO SENSEA BLANC BLANC 0
H 3276005607354 35.90
TOTAL (EUR) 46.00
CARTE BANCAIRE 000319 46.00 EUR
*** TVA EUR ***
Tva H 20.00% : 7.66 HT : 38.34
TOTAL TVA : : 7.66 Total HT : 38.34
1 EURO = 6.55957 FRF
Vous souhaitez consulter ou parti-
ciper aux cours de bricolage,
renseignez-vous sur Ieroymerlin.fr
ou à l\'accueil du magasin
Le calendrier annuel est disponible
à l\'accueil du magasin ou sur notre
site. A bientôt dans votre magasin.
139-000018-006 3586 06/2017 11:16
"
263,633,False,1990-06-01 00:00:00,0.2667,0.11,0.1729333333333333,"Article Qté Prix € Total
Thon blanc t10 ligne
5.5/ 0,685 kg 16,90 11,5

TOTAL : 11,5€
En espèce : 11,5
À rendre : 0.0
Taux HT TVA Total
5.50 10,98 0,60 11,5
Utl: Maverick
MERCI ET A BIENTÔT
"
265,637,False,2017-06-18 12:14:00,0.6716,0.91,0.6694333333333333,"0 SAISONS
TEL: 09.53.76.56.30
www.osaisons.com
Balance: 1 Client: 25
Date : 18/06/2017 12: 14
Vendeur : 2
Num Ticket : 106
kg € /kg €
AIL
0.080 12,00 0,96
TOTAL: 0.96
Dont TVA 5.50%: 0,05 €
Total TVA : 0.05 €
Total HT : 0.91 €
1 transaction(s)
1 Article(+)
Payé : 1, 00 €
Rendu: 0.04 €
osaisons@gmail.com
Merci de votre visite
"
269,647,False,2017-06-09 15:12:00,0.6350333333333333,71.01,0.1681,"GEMO
LA CHAMPAGNE SAINT GEORGE
17100 SAINTES
05 46 92 50 84
MAG: 05169 VD.: 03 DANIELLE
Le 09/06/2017 à 15h 12mn
REFERENCE Pt/Taille
Qte P.U St/Total
BERMUDA BEIGE.
40.17.821.0338 420 42
1 14.99 14.99 A
TOTAL TTC EUR (1 art) : 14.99
Taux H.T. TVA
A 20.00 12.49 2.50
A CONSERVER POUR TOUT
ECHANGE
Espèces EUR : 15.00
Rendu EUR : 0.01
016/00758199/21387101
"
270,649,False,2017-06-07 17:49:00,0.6172,34.08,0.3349666666666666,"E.LECLERC
SAINT JEAN D’ANGELY
**********
VOUS SOUHAITE
LA BIENVENUE
TEL.: 05.46.32.11.83
Caisse 004-0114 17 juin 2017 17:49
Ticket 17/06/17 0 04IY 05900
TTC TVA
BLE PRE-CUIT 10 MIN 1.14 2
15SACS POUB.NF ENVIRON.50L.15P 1.85 5
DEO REXONA W0MEN MUSC ATO 200M 2.43 5
Total 3 articles 5.42
Especes 5.42
Rendu 0.00
Code HT TVA TTC
2 5%50 1.08 0.06 1.14
5 20%00 3.57 0.71 4.28
Avec la carte E.Leclerc
CUMUL DISPONIBLE AU 18/06/17 : 13.57 €
Ce CUMUL DISPONIBLE est à valoir sur
vos prochains achats dans tous les
magasins E.LECLERC participant à
l\'opération et sur présentation de
votre carte E.LECLERC.
Modalités, durée de validité à l’accueil
En 2017, vous avez obtenu en tout,
grâce à la carte E.Leclerc,
34.08 €,
Merci de votre fidelité
NOUS VOUS REMERCIONS
DE VOTRE VISITE
ET TOUJOURS PLUS
D’AVANTAGES AVEC LA
CARTE E.LECLERC
DE VOTRE MAGASIN"
274,654,False,1997-03-02 00:00:00,0.3008333333333333,83.0,0.5004000000000001,"Primark France SAS
Centre Commercial Qwartz
4, boulevard Gallieni – CS 20008
92397 Villeneuve-Ia-Garenne Cedex
Téléphone : 01 40864408
VENTE
6306001 5PK W00DEN HANGE 2.00
6856749 CROCHET FRONT VE 4.00
0040740 CROCHET FRONT VE 4.00
6856722 CROCHET FRONT VE 4.00
0040713 CROCHET FRONT VE 4.00
7674003 COLD SHOULDER SH 11.00
1788912 EMBROID PEPLUM C 11 00
2564805 DBL LAYER CROSSB 8.00
0770523 BORDER PRINT CLD 9.00
3811510 3/4 SLV EMBROIDE 15.00
2564823 DBL LAYER CROSSB 8.00
2622969 7PK TRAINER LINE 3.00
Total €83.00
MasterCard €83.00
Numéro de carte: ************7132 <I>
MID ****86228
Aut. Code 266533
AID A0000000041010
Nom d appliquant MASTERCARD JEUNE
TID ****6978
Sequence No 00
PIN vérifié
S’il vous plaît conservez vos archives
Magasin :0221 Caisse :003 Tran :213353
Date : 05/06/17 Heure :14:45 Opér : 1221293
Article(s) Vendu(s) : 12
Article(s) Retourné(s) : 0
Adresse du siege
Primark France SAS
C/0 TMF Pole
52 Rue de la Victoire
75009 Paris
France
SIREN
790 858 294 R.C.S. PARIS
No. de TVA
FR 96 790 858 294
Politique de remboursement
et d’échanges
Nous sommes heureux de vous échanger
ou rembourser tout article jusqu’au
03/07/2017, à condition qu’il soit dans
un état vendable et avec son
ticket de caisse.
Pour des raisons d’hygiène les
slips/calçons, ensemble de
sous-vêtements, boucle
d’oreilles/piercing et les cosmétiques
ouverts ou non-étanches ne sont ni
échangés ni remboursés.
Les maillots de bains avec une
protection hygiénique intact peuvent
être échangés ou remboursés.
Cela ne modifie pas vos droits statutaires
MERCI
Cartes-cadeaux disponibles en magasin
www.primark.com
221003213353050617
"
282,669,False,2018-02-01 02:38:55,0.7367333333333334,3.72,0.1702333333333333,"Fruits-Tradition
Tel: 02 38 55 12 18
14 05 2017 11 14 2( 1) # 1 T0147
kg €/k g €
POMME
2.180 1.20 2,62
SALADE
1x 1.10 1.10
2 Art. Tot 3.72
# FREDERIQUE
Merci de votre visite
"
286,681,False,2000-09-03 20:17:12,0.4794,19.0,0.5017666666666667,"BURGER KING
RESTAURANTS
#24111
AVENUE HENRI BECQUEREL LES MINIMES
17000 LA ROCHELLE
SIRET: 808 944 110 00010
A EMPORTER
*CRUNCHY CHICKEN BBQ
*9 ONION RINGS
EXTRA HOT DIP
MINUTE M 33CL ORANGE
*XXL DOUBLE BAC CHS
*6 ONION RINGS
curry dip
*50 CL S.PELLEGRINO
CHS BURGER 1.60
HT TVA TTC
TVA 10 % 13.81 1.38 15.19
TVA 5.5 %  3.61 0.20 3.81
TOTAL TTC 19.00
Kiosk Crédit 19.00
MONNAIE 0.00
>>> COMMANDE BORNE <<<
Merci de votre visite
A bientôt chez Burger King
Offre spéciale au dos de ce ticket
ven. juin 02 2017 12:39 T=00G
"
287,682,False,2020-07-01 02:16:28,0.6209,50.73,0.6673333333333333,"HYPER U
Coop Atlantique
Saintes
Cours Maréchal Leclerc / BP 56
17102 Saintes
Tel : 05 46 93 32 70
Opérateur Date Heure TPV Ticket
129 LC 03/02/17 20:02 16 281069
>>>> CHARC.TRAIT.SAUC.SECS L
CHILI CON CARNE 300G 3,13 €
PLET RISOTTO 280G  2,99 €
BETTERAVES ROUGES U BIO 200G 1,69 €
PIZZ’OO CHEV/LAR 200G 1,51 €
>>>> BEAUTE SANTE
LINGET.DEMAQ.NIVEA 2,90 €
>>>> BOUCH.VOL.ATELIER
FARCE A TOMATE 2,59 €
>>>> CHARCT.TRAIT.TRADT.
BRUSCHETTA 0CEANE 270G 3,95 €
CHIFFON.JB0N M0NT.VPF USAV100G 2,36 €
>>>> CREMERIE L.S.
MN CHEVRE FRAIS 15% COUP.6X20G 2,18 €
TIRAMISU SPECULOOS USAV.2X100G  2,05 €
CHEVRE CHAUD X 4 1,89 €
LIEGEOIS P0M/ABRIC X4 1,80 €
CREME FR.EP.15% BRIDELICE 10CL 0,51 €
>>>> POISSONNERIE
FLT MERLU BLC MEUNIERE U 220G 3,58 €
>>>> EPICERIE
SENS.FRT CRAN/FRAMB.LINDT 150G 3,79 €
ASPERGES VERTES EN BOCAL 1,79 €
>>>> PAT INDUSTRIELLE
MADELEINET.CHOC NOIR 2,29 €
BAGUETTES FENDUES 1,28 €
>>>> SURGELES
TARTE THON.TOMAT.MOUTARD.U400G 2,30 €
>>>> LIQUIDES
NECTAR OR./PECH./ABRI.BIO 1,5L 1,78 €
1,5L VOLVIC JUICY FRTS RGES 1,24 €
>>>> FRUITS ET LEGUMES
POIVRON ROUGE 0,96 €
0,192 kg x 4,99 €/kg
CHAMPIGN.BLC P/COUPE A FARCIR 0,43 €
0,108 kg x 3,99 €/kg
POMME DE TERRE ILE DE RE 0,70 €
0,422 kg x 1,65 €/kg
>>>> BVP
PAIN CHOCOLAT PB SELECTION X2 1,20 €
TOTAL 25 Article(s) 50,73 €
CARTE BANCAIRE EUR 50,73 €
11 / Taux Réduit 5,5% = 2,49 €
13 / Taux Normal 20% % 0,48 €
AVEC LA CARTE U VOUS AURIEZ OBTENU
0,20 €
CARTE U : DU 7 AU 14 FEVRIER
25 % OFFERTS EN EUROS CARTE U
AUX RAYONS SOUS VÊTEMENTS
ET LINGERIE NUIT FEMME
(Voir conditions à l’accueil du magasin)
Opérateur Date Heure TPV Ticket
129 LC 03/02/17 20:19 16 281069
Du lundi au jeudi 9h – 20h
le vendredi 9h – 21 h
le samedi 9h – 20h
Merci de votre visite. A bientôt.
hyperu.saintes@systeme-u.fr
6631442016281069
"
288,683,False,2017-05-06 17:54:00,0.6246666666666667,91.9,0.3341333333333333,"E.Leclerc
124 . bld Andre Sautel
17028 LA ROCHELLE
cedex
TEL 05 46 34 18 67
Caisse 021-0075 26 mai 2017 17:54
Ticket 26/05/17 0 0L6J 05600
TTC TVA
>> EPICERIE SECHE
TWINUTS ORIGINAL BACON, 150G 0.90 2
CHIPS VINAIGRE, 125G 1.11 2
MINI-FLUT TOM OLV 0RI, 100G 1.15 2
MENTHE S.S.3X25G 2.90 5
>> CREMERIE
CAMEMB.ENT. 21%MG,250G 1.54 2
>> BOUCHERIE
AGNEAU K7 COTE*** A GRILLER 8.79 2
AGNEAU K7 COTE** A GRILLER 8.61 2
>> FRUITS ET LEGUMES
RADIS 0.99 2
BANANES 1.62 2
CITRON VERT 0.42 2
PECHES BLANCHES OU JAUNES 1.18 2
TOMATE MELI MELO 2.20 2
OLIVES VERTES CASS/PERSIL-AIL 2.49 2
CONCOMBRE 0.85 2
FRAISE MARA DES BOIS 3.20 2
>> LIQUIDES
1664 BLANCHE 12X25CL 5D,3L 7.56 5
JOKER PUR JUS D’ORANGE PULPE.1 1.76 2
SANGRIA, 150CL 1.75 5
COCKTAIL SS ALCOOL PINA COLADA 1.99 2
RHUM HAVANA CLUB 40D-ANEJ0 SP 16.33 5
>> VOLAILLES
AILES DE POULET AU PAPRIKA 5.30 2
>> CHARCUTERIE
SAUCISSON ST AGAUNE,200G 3.78 2
>> BOULANGERIE
BAGUET/ANCIENNE 0.58 2
>> MSES GENERALES SAISON.
BOX GRILLE SIMPLE 57 X30.1P 14.90 5
Total 24 articles 91.90
CB 91.90
Rendu 0.00
Code HT TVA TTC
2 5%50 45.93 2.53 48.46
5 20%00 36.20 7.24 43.44
***********************************
TOUT ARTICLE SERA
ECHANGE
SOUS 15 JOURS
(Hors sous vêtements et produits frais)
AVEC LE TICKET DE CAISSE obligatoire.
produit dans l’emballage d’origine
non ouvert;
remboursement uniquement par avoir
*******************
E. LECLERC
MERCI DE VOTRE
VISITE
A BIENTOT"
290,688,False,1996-03-01 05:46:00,0.6674,115.92,0.6673666666666667,"OKaïdi
www.okaidi .corn
La Rochelle CC Beaul
C.Cial Beaulieu (0057)
17138 PUILBOREAU
Tel : 05 46 01 03 96
Franchise Okaïdi,
Commerçant indépendant.
18/03/2017 10:55
Numéro ticket : 010370775 / 1
3604276094458 Jupe NIIMP0RT0U 0KF GE 4
= 19.99 €
3604275421972 0KF PER PANT SKINNY fa 2
= 19.99 €
3604275430868 0KFBP2/P3 TS ALEXIA El 6
= 5.99 €
3604275323665 LOT 3 BOXERS BESS E17 5
= 8.99 €
3604275099270 SS VET/ LOT 3 slips PL 5
= 8.99 €
3604275430943 0KFBP2/P3 TS ADELE E17 6
= 4.99 €
3604275258042 0KF PER SKINNY DENIM B 5
= 21.99 €
3604275247176 0KF F0CUS TABLE PULL A 6
= 24.99 €
Total 115.92 €
Carte bancaire : 115.92 €
Taux TVA Montant H.T. T.V.A.
20 % 96.59 € 19.33 €
Service Clients : 09 69 39 23 90
Appel non surtaxé
customerservice@okaidi.corn
Tout article non porté peut être
échangé ou remboursé sous un mois
sur présentation du ticket de caisse
original dans tous les magasins Okaidi
de France métropolitaine
(hors maillots de bain, sous-vêtements
et magasins d’usine).
Les articles réglés par carte cadeau
Okaïdi Obaïbi, chèques cadeaux
Kadéos, Cad’hoc et Sodexo TirGroupé
peuvent faire l’objet uniquement
d’un échange sous 1 mois.
Merci de votre visite et à bientôt.
01037077500057
"
291,689,False,2013-04-03 16:51:00,0.5459666666666666,13.17,0.3347333333333333,"419 – PICARD SURGELES SAS
52 COURS DU MAR. LECLERC
17100 SAINTES
0546917475
L’enseigne préférée des Français
12 min-moelleux 6.50 €
f
*C.ricotta 350g 3.30 €
*2 Clafouti tom 3.50 €
TOTAL (3) 13,30€
CB sans contact 13.30 €
 Mt HT Mt TVA Mt TTC
VI 5.5 % 12,61 0,69 13,30
Caisse Date Heure Ticket Empl
2 03.03.17 16:51 341317 EARN
PROGRAMME DE FIDELITE – Inscrivez-vous
et recevez régulièrement : réductions,
surprises, actualités, idées recettes.
Rendez-vous sur WWW.PICARDETMOI.FR

6600419002341317
"
293,691,False,1983-07-03 18:33:00,0.5428666666666667,72.0,0.3341333333333333,"343 – PICARD SURGELES SAS
130 RUE DU FAUBOURG DE BOURGOGNE
45000 ORLEANS
0238520892
L’enseigne préférée des Français

Risotto cèpes 3.20 €
Colin provençal 2.95 €
*Gnocchis pesto 2.85 €
Haché Pi x10 5% 10.75
*Poulet pestoFE
2 * 2.00 4,00
*Parm.poulet FE 2.50 t
*Chili Carne FE 2.00 €
*Tartiflette FE 2.00 €
*Poulet/pâte FE 1.80 €
F. merlu 400g 6.95 €
*Trio riz camar 2.90 €
*Poulet cury FE 2.00 *
*Riz italienne 2.70 €
*Riz basma lég 2.45 €
Filet poulet 1k 12.95 €
------------
TOTAL( 16) 62,00 €
Espèces 72.00 €
Rendu Espèces 10.00 €
Mt HT Mt TVA Mt TTC
V1 5.5 % 58,77 3,23 62,00
Caisse Date Heure Ticket Empl
2 28.12.16 18:33 378333 GFIL
--------------
*PROGRAMME DE FIDELITE – Inscrivez-vous
et recevez régulièrement : réductions,
surprises, actualités, idees recettes.
Rendez-vous sur WWW.PICARDETMOI.FR
6600343002378333
"
295,695,False,2001-02-12 18:37:27,0.4122666666666666,5.67,0.5014,"A L D I
ALDI ST JEAN BRAYE BIENVENUE
ALDI VOUS SOUHAITE DE JOYEUSES FETES
VENEZ DECOUVRIR TOUS NOS PRODUITS FESTIFS
DU LUNDI AU SAMEDI DE 8H30 – 19H30
MERCI DE VOTRE FIDELITE
ROCHERS 4X35G NOIR 0,99
R-TOMATE/CHOUX FARCI 900G 2,89
FROMAGE CHEVRE FRAIS 1,79
A PAYER EURO 5.67
COMPTANT 10.07
RETOUR 4.40
TVA Net MONTANT TVA BRUT
B 5.50% 4,44 0,24 4,68
C 20.00% 0,83 0,16 0,99
NOMBRE ARTICLES 3
ALDI
VOUS REMERCIE DE VOTRE VISITE
RETROUVEZ L ADRESSE DE TOUS NOS MAGASINS
SUR www.aldi.fr
01(3!048 9632 % 18:37 27.12.2016
"
296,698,False,2017-07-01 06:52:00,0.4927666666666667,5.1,0.5015333333333334,"SSP France
BRIOCHE DOREE
LES BUFFETS DES GARES DE FRANCE
85 QUAI AUSTERLITZ 75013
1800001 Fatma A
Fct 1349 CHK:0001-023883 Cvt 0
Mar17’17 06:52PM
A emporter
1 Bag Poulet 5.10
Crudités
Especes 50.10
0.46 TVA 10% 5.10
TTL Net 4.64
Sous Total 5.10
Reglement 5.10
A Rendre 45.00
*** Merci et bon voyage ***
RCS Paris : 310161385
Votre avis nous interesse
Code UR: 918140
Rendez-vous sur notre site web
go to the website
www.eatonthemove.com/FR
"
298,703,False,1990-05-04 05:46:00,0.5811333333333334,183.54,0.5018666666666667,"LES SERRES DES ANGLOIS
17 690 ANGOULINS SUR MER
TEL 05 46 45 90 80
Balance: 1 Client: 92
Vendeur : 5 HUGUES
Num Ticket : 1
kg € /kg €
MACHE
0,070 10,00 0,70
SALADE
1 Art x 0,90 0,90
ENDIVE
0,345 4,90 1,69
BLETTE
0,265 4,50 1,19
CHOU CHINOIS
0,340 3,80 1,29
BROCOLIS
0,485 3,00 1,46
POIREAU
0,685 5,90 4,04
CONCOMBRE
1 Art x 1,60 1,60
COURGETTE
0,590 3,00 1,77
CLEMENTINE
0,895 3,40 3,04
POMMES
0,580 2,26 3,90
POMME DE TERRE
1,865 2,20 2,20
CAROTTE
0,615 2,50 1,54
CITRON
0,245 3,20 0,78
OIGNON
0,705 2,30 1,62
TOTAL: 27,98
1 EURO = 6.55957 FRANC
TOTAL En FRANC 183,54 F
15 transaction(s)
15 Article(+)
0546459080
"
300,705,False,2017-02-03 14:47:00,0.5432,69.96,0.5007333333333334,"BIOCOOP REGAIN 
LUNDI DE 14HOO A 19HOO
MARDI AU SAMEDI : 9HOO-19HOO
DESIGNATION MONTANT €
Vendeur : MICKAEL
SPAGHETTI RIZ SS GLUTEN
1 X 5.25€ 5.25
BICARBONATE DE SOUDE KG
1 X 4.10€ 4.10
PERCARBONATE SOUDE 1KG
1 X 5.60€ 5.60
CHOCOLAT NOIR PEPITES
1 X 2.95€ 2.95
MAYONNAISE NATURE
1 X 3.80€ 3.80
NOIX DE CAJOU VRAC
0.335kg X 20,45€/kg 6,85
HUILE LIN FRANCE 25CL
1 X 6.70€ 6.70
RIZ BASM 1/2 COMPL VRAC
0.705kg X 4,80€/kg 3,38
NOIX DU BRESIL VRAC
0.400kg X 24,50€/kg 9,80
HUILE OLIVE CAVANA 75CL
1 X 6.40€ 6.40
BANANE
1.035kg X 2,25€/kg 2,33
GOURDE YAOURT FRAISE/BANANE
1 X 4.20€ 4.20
GOURDE YAOURT FRAISE/BANANE
1 X 4.20€ 4.20
DESSERT CHOCOLAT/BREBIS 125G
1 X 1.10€ 1.10
DESSERT CHOCOLAT/BREBIS 125G
1 X 1.10€ 1.10
DESSERT BREBIS VANILLE BERGERIE DE LOZER
1 X 1.10€ 1.10
DESSERT BREBIS VANILLE BERGERIE DE LOZER
1 X 1.10€ 1.10
TOTAL € 69,96
CARTE CREDIT Euro 69.96€
Taux Mt HT T.V.A Mt TTC
5.50% 57,12 3,14 60,26
20.00% 8,08 1,62 9,70
Ticket : 1-01605 Dt 23/2/17 14h47
17690 ANGOULINS TEL: 05 46 42 05 03
REGAIN VOUS REMERCIE DE VOTRE VISITE
"
301,707,False,2020-02-07 00:00:00,0.2392,56.29,0.5017333333333334,"BOUCHERIE D ANTAN
ROUTE NATIONALE
17220 LA JARNE
Balance: 1 Client: 706
Vendeur: 6 User 6
Rayon : 1 -
Num Ticket : 4424
kg   € /kg   €
Divers
O, 450 18, 50 8, 33
Divers
0,595  26, 80  15, 95
Divers
O, 630  18, 50  11, 66
Divers
O, 365  12, 80  4, 67
Divers
O, 670  18, 80  12, 60
Divers
O, 115  26, 80  3, 08
TOTAL : 56,29
6 transaction(s)
6 Article(+)
"
306,725,False,2017-05-21 10:15:40,0.6762666666666667,80.85,0.6672666666666667,"SIMPLY ST JEAN DE BRAYE
BIENVENUE DANS VOTRE MAGASIN
Avenue Charles Peguy
02.38.61.51.00
>> EPICERIE
LULU CHOC 4X150G LU 3.99€
PRINC 5CH0C+ 1 LAIT 6.85€
H CHOCO.NOIR 0.95€
SCE BOLO FROMAGE ITA 2.35€
SCE PROVENCALE 425G 1.25€
H FLAGEOLETS VERT EX-F 1.31€
H HARICO EF C.MAIN345G 2.18€
H HARICO EF C.MAIN345G 2.18€
H HARICOT BEURRE E. F 1.51€
H PETIT POIS CAR0T420G 1.08€
PTIT FLAN VANILLE 4X 1.85€
PTIT ONCTUEU 1.75€
PTIT ONCTUEU 1.75€
H BISC.SABL.CHOC.SS/GL 2.90€
H FUSILLI 500G SS/GLUT 2.05€
H MINI CAKE CHOCO SS/G 3.08€
MINI CAKES PEPITE CH 3.95€
H MINICAK FRAI.S/GLUX6 3.23€
>> BOISSONS
H LAIT BI01/2ECREME AU 5.64€
>> CREMERIE LS
C&A SSA ASS0RTIES12X 3.89€
DANETTE 3 CHOCOLATS 2.69€
H BRIE 200G 1.13€
H BRIE 200G 1.13€
H EMMENTAL RAPE ZIP AU 3.40€
ROUCOULONS PAYSANGE 2.09€
VACHE QUI RIT 24P 40 2.69€
>> FLEG FLEURS PLANTES
BANANE 2.66€
1.485kg x 1.79€/kg
FRAISE 500 GR FRANCE 2.25€
CONCOMBRE FILME PIEC 0.65€
CONCOMBRE FILME PIEC 0.65€
F LEGUMES FRAI 1.00€
RADIS ROSE BOTTE 0.75€
TOMATE RONDE GRAPPE 1.95€
1.115kg x 1.75€/kg
TPP PAMPLEMOUSSE ROS 2.39€
TPP PAMPLEMOUSSE ROS 2.39€
TTP ORANGE AVEC PULP 3.55€
= TOTAL ACHATS 85.11€
****** Détail avantages euros
LULU CHOC 4X150G LU -1.60€
PRINC 5CH0C+ 1 LAIT -2.06€
Total Avantages -3.66€
*** Détail avantages points
EMMENTAL RAPE Z x 1 5 points
BRIE 200G x 2 10 points
LAIT BI01/2ECRE x 2 30 points
PETIT POIS CARO x 1 5 points
FUSILLI 500G SS x 1 5 points
HARICOT BEURRE x 1 5 points
FLAGEOLETS VERT x 1 5 points
MINI CAKE CHOCO x 1 5 points
MINICAK FRAI.S/ x 1 5 points
BISC.SABL.CHOC. x 5 points
CHOCO.NOIR x 1 5 points
HARICO EF C.MAI x 4 106 points
Total Points 191 points
= T 0 T A L ( 36) 81.45€
BON REDUCTION EUR 0.60€
CARTE BANCAIRE EUR 80.85€
Carte : 2007016204956
> Compte Fidélité
Ancien Solde 273 points
Points crédités 191 points
Vous avez 0 Bon(s) d’achat
fidélité disponible(s),
MERCI DE VOTRE FIDELITE.
006/417 N°001330 21/05/2017 10:15:40
"
307,726,False,2022-01-02 06:26:18,0.6525,9.11,0.5034333333333333,"LES SERRES DES ANGLOIS
17690 ANGOULINS
TEL 06 26 18 21 22
Balance: 1 Client 46
Vendeur: 1 STEVE
Rayon : 1 -
Num Ticket : 218
kg € /kg €
CHOUX
O,380 2,80 1,06
EPINARD
O,335 4,90 1,64
BROCOLIS
O,160 4,30 O,69
POMME
O,945 3,90 3,69
POIRE
O,375 5,40 2,03
TOTAL: 9,11
5 transaction(s)
5 Article(+)"
308,727,False,2011-03-29 05:46:00,0.6299666666666667,3.2,0.5017666666666667,"PATRIMOINE OCEAN
PHARE DES BALEINES
17590 ST CLEMENT DES BALEINES
Tel : 05 46 29 18 23
Fax : 05 46 29 03 11
Email : pharedesbaleines@wanadoo.fr
Siret : 435 151 4777 0013
Facture de Caisse N° ?84087
Le 11/02/2017 15:25 VD 2
PHARE/INDIVIDUEL ADULTE 1
Total Euros 3,20
(Dont TVA à 10.00% : 0,29)
Mode(s) de Règlement :
Espèces 3,20
RETROUVER LE PHARE DES BALEINES
SUR www.lepharedesbaleines.fr
OU SUR FACEBOOK : LE PHARE DES BALEINES
WEB CAM SUR LE SITE PHARE DES BALEINES
"
309,734,False,1985-08-02 10:31:33,0.6063666666666666,26.98,0.5006666666666666,"Cultura
l\'esprit jubile
Tél : 05 46 35 50 50
Du lundi au samedi de 9h à 20h
------------------------------------------
Vous avez été recu par CYNDIE
U218 SINGLES x1 (5)
0602517135413 12,99 12,99
UN MONDE MEILLE x1 (5)
5054196870928 13,99 13,99
--------
NET A PAYER EN EUR: 26.98
--------
PAIEMENT EN EUR
Cado Chèque NEW 20,00
2 x 10,00
CARTE BANCAIR 6.98

DETAIL TVA
------------------------------------------
CODE TAUX HT TVA TTC
------------------------------------------
5 20,00 22,48 4,50 26,98
Nombre d\'articles : 2
Nombre de retours : 0
------------------------------------------
CAISSE : 073 - 07 LE 28/10/2016
TICKET : 72885 A 10:31:33
6000 7410 7000 7288 53
Retrouvez nos offres 24/24
sur cultura.com
"
310,735,False,2016-12-14 18:15:00,0.6151666666666668,0.18,0.6673666666666667,"BOULANGER
Facture No F271 0765175-16/001 (168319)
14/12/16 18h15
BOULANGER ANGOULINS
ZA LES ORMEAUX
AV DES ORMEAUX
17690 ANGOULINS
Siret: 34738457001662
Tel :0825 850 850 (0.18eur TTC/MN)
SAV :03 20 49 47 73
Carte BOULANGER Cadeau Anniversaire
0000133191 1 x 90.00 = 90.00
Valable jusqu’au 14.12.2017
n=° ***********00036107
Disponibilité des pièces détachées
(donnée fournisseur):
Non concerné
TOTAL HT (Euros) 90.00
TOTAL TTC (Euros) 90.00
Dont TVA (0.00%) 0.00
Total à payer: 90.00
Règlements:
Carte Bancaire 90.00
Gardez votre ticket de caisse pour faire
valoir la garantie de votre produit.
Merci de votre visite.
Article remboursé sous 15 jours muni du
ticket de caisse et dans l’emballage
d’origine NON OUVERT,produit NON UTILISE
Aucune reprise sur les produits suivants
: Alimentaire, Beauté, Hygiène,
consommable ou lié à un abonnement
F 2 7 1 0 7 6 5 1 7 5
"
312,737,False,1972-08-06 05:46:00,0.5032333333333333,50.3,0.6679666666666666,"ILE DE RE
CHOCOLATS
16 RUE ELIE BAREAU
17000 LA ROCHELLE
TEL 05.46.68.72.40
402 531 420 00048 - 516 G - FR402531420
vendredi 16 décembre 2016
13:06:43
Note n°350 PASKINA
QTE ARTICLE PRIX unit. PRIX total.
1 COFFRET 3PUN 23.50 € 23.50 €
1 BOI COMP NOE 26.80 € 26.80 f
NET A PAYER 50.30 €
TAUX TTC TVA H.T
20.00 % 23,50 € 3,92 € 19,58 €
5.50 % 26,80 € 1,40 € 25,40 €
1 CHEQUES 50.30 €
Total règlement : 50.30 €
BONNE DEGUSTATION
WWW.ILEDERE-CHOCOLATS.COM
Merci de votre visite, à bientôt..
"
314,742,False,2016-11-04 22:10:00,0.6230333333333333,44.4,0.5016333333333334,"TABLAPIZZA
C\'est bon d\'être là
TABLAPIZZA LA POCHELLE
Rue de la Scierie
17000 LA ROCHELLE
Tel : 0546442010
SIRET 753 859 370
905 CLOE
Tbl 23/1 Fct 1851 Cts 4
24Nov’16 22:10
1 Audacieuse 11.90
2 Legumes Grilles 19.80
1 Gratin Coquill. 12.70
0.00 T.V.A.20% 0.00
4.04 T.V.A.10% 44.40
23:02 Total du 44.40
T.V.A. 10% 4.04
Reglement a Table
Ouvert 7j/7 de 11h45 a 23h00
Prix Nets
Merci et a bientot
Rejoignez-nous sur notre page
Facebook
Tablapizza La Rochelle Minimes
"
315,743,False,2016-12-08 10:28:00,0.6232,9.97,0.3353333333333333,"espace
culturel
E.Leclerc
E. LECLERC
Parc Commercial du
Fief Rose
17140 LAGORD
Tel : 05 46 34 93 39
Caisse 081-0408 28 décembre 2016 10:28
Ticket 28/12/16 0 2B8S 00P00
TTC TVA
BOITE ALLOCINE LE CINEMA ET LES 9.97 2
Total 1 article 9.97
CB 9.97
Rendu 0.00
Code HT TVA TTC
2 5%50 9.45 0.52 9.97
Tout article sera échangé sous 15 jours
ou 48 h pour la librairie
(voir modalités à l’accueil)
avec le ticket de caisse et
obligatoirement dans son
emballage d’origine non ouvert.
Les remboursements se font par avoir
ou sur la carte de fidélité
COMMANDEZ VOS PRODUITS MULTIMEDIA SUR
WWW.LECLERCMULTIMEDIA.FR
LIVRAISON DIRECTE A DOMICILE
Jeux d’occasion ni repris ni échangés
MERCI DE VOTRE
VISITE
A BIENTOT
"
316,744,False,1998-06-03 02:40:20,0.6695666666666666,9.0,0.5016333333333334,"LA TRINITAINE
4 Place Saint-Pierre
44000 Nantes
Tel : 02 40 20 33 36
Fax : 02 40 20 36 98
Siret : 419 106 703 00012
Date : 31/10/2016 – 14:41
Ticket n° : 177173
Qté Désignation Px Unit Total TTC
1 BOL PORNIC 9,00 9,00
1 article
NET TTC EUR 9,00
H.T. 7,53 x TVA à 20% = 1,47
Espèces 20.00
Rendu -11.00
Service : VEND4
Merci à bientôt
"
318,747,False,2016-12-06 06:34:00,0.6305333333333333,8.05,0.5018666666666667,"SSP France
Pret a manger
Place Louis Armand
Gare de Lyon – PARIS
1500092 Chaneze
Chk 3032 CHK:0002-020456 Gst 0
16Dec’16 06:34
1 Espresso 1.85
PAM
1 Toastie Brie 6.20
Basilic PAM
Carte Bleue 8.05
0.73 TVA 10% 8.05
Net TTL 7.32
Sous-Total 8.05
Reglement 8.05
*** Merci et bon voyage ***
RCS: 534704770
Votre avis nous interesse
Code ? : 719214
Rendez-vous sur notre site web
go to the website
www.eatonthemove.com/FR
"
319,750,False,2016-04-02 10:11:00,0.4930333333333333,3.5,0.5015333333333334,"SSP France
BRIOCHE DOREE
LES BUFFETS DES GARES DE FRANCE
85 QUAI AUSTERLITZ 75013
1800015 Gda_1 I
Fct 9930 CHK:0001-014772 Cvt 0
Jui24’16 10:11AM
A emporter
1 Cappuccino 3.50
Moyen
Especes 20.00
0.32 TVA 10% 3.50
TTL Net 3.18
Sous Total 3.50
Reglement 3.50
A Rendre 16.50
*** Merci et bon voyage ***
RCS Paris : 310161385
Votre avis nous interesse
Code UR: 918140
Rendez-vous sur notre site web
go to the website
www.eatonthemove.com/FR"
322,758,False,2017-01-08 15:33:00,0.618,2.26,0.3352,"E.LECLERC
SAINT JEAN D’ANGELY
VOUS SOUHAITE
LA BIENVENUE
TEL.: 05.46.32.11.83
Caisse 001-0122 18 janvier 2017 15:33
Ticket 18/01/17 0 011U 04G00
TTC TVA
* EXQUIS THON/CREVETTE 80G LYCAT
8 X 0.68EUR 5.44 5
Total 8 articles 5.44
Especes 6.00
Rendu 0.56
Code HT TVA TTC
5 20%00 4.53 0.91 5.44
Avec la carte E.Leclerc
Detail des avantages obtenus :
Marque repere 0.25 E
Vous venez d’obtenir : 0.25 E
CUMUL DISPONIBLE AU 19/01/17 : 12.26 E
Ce CUMUL DISPONIBLE est a valoir sur
vos prochains achats dans tous les
magasins E.LECLERC participant a
l’operation et sur présentation de
votre carte E.LECLERC.
Modalites, duree de validité a l’accueil
NOUS VOUS REMERCIONS
DE VOTRE VISITE
ET TOUJOURS PLUS
D’AVANTAGES AVEC LA
CARTE E.LECLERC
DE VOTRE MAGASIN
"
323,764,False,2017-07-01 12:01:00,0.5128,4.04,0.3343666666666667,"371 – PICARD SURGELES SAS
AVENUE DU FIEF ROSE
17140 LAGORD
0546095376
L’enseigne préférée des Français
*Soupe Kiew Wan
2 * 3,99 7,98€
*Soupe Shabu CE
2 * 3,99 7,98 €
TOTAL ( 4) 15.96 *
Espèces 20,00 €
Rendu Espèces 4,04 €
Mt HT Mt TVA Mt TTC
V1 5.5 % 15,13 0,83 15,96
Caisse Date Heure Ticket Empl.
2 12.01.17 17:37 353486 CCHA
PROGRAMME DE FIDELITE – Inscrivez-vous
et recevez régulièrement : réductions,
surprises, actualités, idées recettes.
Rendez-vous sur WWW.PICARDETMOI.FR
6600371002353486
"
324,766,False,2004-09-09 05:46:00,0.6681333333333334,27.22,0.5008333333333334,"MAISONS
DU MONDE
ZAC Beaulieu – 25 rue du 18 Juin
17138 PUILBOREAU – tel 05 46’09 09 04
Vous avez été reçu par NATHALIE D.
DIFF.CERAM.COE. (02)
126324 7.99 7.99
RCH BTNNTS RTN (02)
161213 1.29 1.29
BGIE VR PRNE (02)
105840 0.95 0.95
DIFF. GAMM. MED. MU. (02)
136969 16.99 16.99
NET A PAYER EN EURO : 27.22
PAIEMENT EN EURO
CARTE BANCAIRE : 27.22
DETAIL TVA
CODE TAUX HT TVA TTC
02 20.00 22,68 4,54 27,22
Nombre d’articles : 4
Nombre de retours : 0
CAISSE : 149 – 01 LE 14/01/2017
TICKET : 374271 A 18:01:55
6001 3400 1003 7427 11
Reprise ou échange des articles sous
30 jours
"
325,768,False,1985-05-03 16:57:00,0.5523333333333333,3.65,0.5011,"SMM – 10 rue du Temple
17000 LA ROCHELLE
Tel. 05-46-29-70-17
Trans: 33585 1
REÇU
Produit Qte P.U. Total
Cocottes céréales et 1.000 1.65 1.65
Cocottes PDJ nature 1.000 2.00 2.00
Sous Total 3.46
TVA 5.5% 5.500% : 0.19
2.000 article(s)
Total .==> 3.65
** Paiements **
ESPECES Comptant 3.65
Espèces : 10.65
Monnaie : 7.00
Nous vous remercions de votre visite
www.atelierstmichel.fr
Vendeur LAR02
12/01/2017 33585 16:57
?%S0412001033585?
"
327,771,False,2003-04-07 05:46:55,0.4816666666666667,58.5,0.6688,"RESTAURANT
56 RUE DU PERE
17180 PERIGNY
05.46.55.74.03
Le 16/12/2016
TABLE 1 Couvert(s) : 2
1 BARDOLINO ROUGE 1/2 12.90 €
2 ENTREE PLAT DESSERT 41.80 €
2 EXPRESSO 3.80 €
Total 58.50€
Hors Taxes 52.20
Dont TVA 20.00%: 2.15 € Dont TVA 10.00%: 4.15 €
L’équipe du COTE SUD vous remercie …
"
328,772,False,1982-02-08 17:50:12,0.6136,4.95,0.5012666666666666,"Nature
& Découvertes
LA ROCHELLE 05.40.55.10.60
magl86@nature-et–decouvertes. com
Vous avez été reçu par Edouard
PLANETE PHOSPHORESCENTE
30140800 4,95 4,95
NET A PAYER EN EURO : 4.95
PAIEMENT EN EURO
ESPECES : 5 00
ESPECES : -0.05
CAISSE : 186 – 01 LE 12/01/2017
TICKET : 288282 A 17:50:12
5000 9100 3002 8828 21
Merci de votre visite
Echange sur présentation du ticket
"
329,778,False,2016-12-06 18:49:00,0.6369333333333334,23.0,0.5015333333333334,"THE FLOWERS CAFE
6 PLACE R.SALENGRO
31000 TOULOUSE
TEL : 05.34.44.93.66
TABLE 2  2 COUVERTS
LUN 26 DEC 2016 18:49
Qte Désignation P.U TOTAL
1 CAFE LATTE 3.00 3.00
2 CHOCOLATS EPAIS NATUR 4.00 ?00
1 MOELLEUX CHOCOLAT 4.00 4.00
1 ? ES POIRE CHOCOL 4.00 4.00
1 CHEESE CAKE 4.00 4.00
TOTAL ? 23.00 
TVA 10% 2.09
HORS TAXES A TVA 10% 20.91
RESTE A PAYER 23.00
MERCI DE VOTRE VISITE
A BIENTOT
RC?sse B448173765 O008
Prix Net Service Inclus
"
331,781,False,2020-02-03 02:07:00,0.5494666666666667,20.89,0.5011,"Lyon Lafayette 0588
276 – 278 Cours Lafayette
69003 Lyon
Lundi – Samedi : 8 H 30 – 20 H 30
Dimanche : 9 H 00 – 12 H 30
EUR
Torsade pépites 1,96 A
4 x 0,49
Escargot aux raisins 1,18 A
2 x 0,59
Croissant pur beurre 0,29 A
Beignet fruits 0,59 A
Chocolat blanc à la 1,65 B
Pizza végétarienne 0,99 A
Tartelettes frambois 1,09 A
Sac en papier 0,15 B
Baskets F no 0281568 12,99 B
A payer 20,89
Carte 20,89
A 5.5% TVA de 6,10 0,32
B 20.0% TVA de 14,79 2,47
0538 173220/02 07.0?.17
MEILLEURS VOEUX POUR 2017 !
LIDL, le vrai prix des bonnes choses
Retour marchandises pendant un mois
voir conditions en magasins.
Pièces détachées disponibles
conditions et produits : lidl.fr
Code ba??ière ; 4741A
"
332,782,False,2016-12-04 09:32:00,0.6216333333333334,8.45,0.3347,"E.LECLERC
SAINT JEAN D’ANGELY
VOUS SOUHAITE
LA BIENVENUE
TEL. :: 05.46.32.11.83
Caisse 009-0109 24 decembre 2016 09:32
Ticket 24/12/16 0 0995 00Z00
TTC TVA
GENTLEMAN JACK 40D.70CL 24.50 5
CPE-ONGLES PM/CHAINE 2.26 5
FLEURS COUPEES 22.90 1
Total 3 articles 49.66
CB 49.66
Rendu 0.00
Code HT TVA TTC
1 10%00 20.82 2.08 22.90
5 20%00 22.30 4.46 26.76
Avec la carte E.Leclerc
CUMUL DISPONIBLE AU 25/12/16 : 8.45 E
Ce CUMUL DISPONIBLE est a valoir sur
vos prochains achats dans tous les
magasins E.LECLERC participant a
l’operation et sur presentation de
votre carte E.LECLERC.
Modalites, duree de validité a l’accueil
NOUS VOUS REMERCIONS
DE VOTRE VISITE
ET TOUJOURS PLUS
D\'AVANTAGES AVEC LA
CARTE E.LECLERC
DE VOTRE MAGASIN
"
333,783,False,2016-12-04 09:47:00,0.6247666666666667,222.24,0.3356666666666666,"ESPACE CULTUREL
ST JEAN D’ANGELY
TEL : 05.46.32.66.87
BONJOUR
Caisse 027-0222 24 decembre 2016 09:47
Ticket 24/12/16 0 OSMY 01400
TTC TVA
BILLETTERIE TICKETNET 88.00 0
Total 1 article 88.00
Cheque 88.00
Rendu 0.00
Code HT TVA TTC
0 0%00 88.00 0.00 88.00
Avec la carte E.Leclerc
CUMUL DISPONIBLE AU 25/12/16 : 5.39 E
Ce CUMUL DISPONIBLE est a valoir sur
vos prochains achats dans tous les
magasins E.LECLERC participant a
l’operation et sur présentation de
votre carte E.LECLERC.
Modalites, duree de validité a l’accueil
En 2016, vous avez obtenu en tout,
grace a la carte E.Leclerc,
64.70 E,
Merci de votre fidélité
NOUS VOUS REMERCIONS
DE VOTRE VISITE
ET TOUJOURS PLUS
D’AVANTAGES AVEC LA
CARTE E.LECLERC
DE VOTRE MAGASIN
"
334,784,False,1990-07-04 00:00:00,0.3043666666666667,22.3,0.6688,"BP 40037
ASF Lieu-dit Gaussens
47901 AGEN Cedex 9
Tel :3605
REÇU
N° R0021304083550500232
Date 02/01/17
Sortie TOULOUSE SUD ES
Entrée MontpelIier/2
CIasse-tarif 1 km 249
PRIX HT 18,58 euros
TVA 20.00%….3,72 euros
PRIX TTC 22,30 euros
REÇU VALANT FACTURE
COMPLETER AU VERSO
Paiement…22,30 E ..CB
N° carte : 8506
"
335,789,False,2005-06-06 00:00:00,0.2704333333333333,22.3,0.6687666666666666,"CS 60605
ASF 11785 NARBONNE
CEDEX
Tel : 3 6 O 5
RECU
N° R3651647143310400256
Date 30/12/16
Sortie Montpellier 2
Entree Toulouse-S-E
Classe-tarif 1 km 249
PRIX HT 18,58 euros
TVA 20,00% 3,72 euros
PRIX TTC 22,30 euros
REcU VALANT FACTURE
COMPLETER AU VERSO
Paiement 22,30 E CB
N° carte : 8506
"
336,790,False,1990-07-04 00:00:00,0.3034666666666666,19.4,0.6687000000000001,"BP 40037
ASF Lieu-dit Gaussens
47901 AGEN Cedex 9
Tel :3605
REÇU
N° R3651408514561900215
Date ............ 30/12/16
Sortie…TOULOUSE NORD E
Entrée St Selve
Classe-tarif..1 km..223
PRIX HT 16.17 euros
TVA 20.00%….3,23 euros
PRIX TTC 19.40 euros
REÇU VALANT FACTURE
COMPLETER AU VERSO
Paiement…19.40 E ..CB
N° carte : 8506
"
337,791,False,2017-01-11 12:35:06,0.6889,6.29,0.6675333333333333,"Intermarché
AV. DU 14 JUILLET
VILLENEUVE LES SALINES
17000 LA ROCHELLE
TEL : 05.46.34.87.47
BIENVENUE DANS VOTRE
INTERMARCHE NOUVELLE GENERATION !
PSDT BUCHE CHEV ST V 2,25 EUR A
BAGUETTE CRUE / 250G 0,49 EUR A
ON OFF MOJITO COCKT. 4,49 EUR B
LAY’S CHIPS CUIT FOU 1,37 EUR A
FOUET PAYSAN POIVRE 2,18 EUR A
MONTANT DU 10,78 EUR
ESPECES 20.00 EUR
Nombre d’articles vendus= 5
TOTAL ELIGIBLE TRD 6,29 EUR
A RENDRE 9,22 EUR
ESPECES -9,22 EUR
RECAPITULATIF TVA
CODE TVA MT. HT MT. TVA MT. TTC
A 5,50% 5,96 0,33 6,29
B 20,00% 3,74 0,75 4,49
TOTAL TVA 9,70 1,08 10,78
12:35:06 11/01/2017
MO1321 CO14 01003 T0059
MERCI DE VOTRE VISITE ET A BIENTOT
CE TICKET VAUT BON DE GARANTIE
HORAIRES D’OUVERTURE
DU LUNDI AU SAMEDI 9H-19H30
DIMANCHE 9H-12H30
LES SOLDES NE SONT NI REPRISES
NI ECHANGES
"
341,803,False,2022-01-02 06:26:18,0.6537000000000001,4.57,0.5047666666666667,"LES SERRES DES ANGLOIS
17690 ANGOULINS
TEL 06 26 18 21 22
kg € /kg €
POIVRON
O. 515 5,40 2.78
TOMATE RONDE
0.595 3.00 1.79
TOTAL: 4.57
2 transaction(s)
2 Article(+)
"
343,808,False,2017-07-17 02:31:55,0.7026,38.57,0.668,"TK1-023155 17/07/2017 11:21
LA BOUTIQUE LEA NATURE
avenue Paul Langevin
17180 PERIGNY
Tél: 05.46.52.03.03
Client : A COMPLÉTER
Vendeur: Morgane
Bonjour
JB Thé vert menthe 5.00 11,95
JB Thé vert orange et ber 1.00 2,79
JB Thé Noir Ceylan Biodyn 1.00 2,99
JB Thé Noir Engl ish Break 1.00 2,99
JB THE N0IR&R00IB0S TUTTI 1.00 1.00
JB BOUIL CUBE POULE SHDP* 1.00 1,99
JB BOUIL CUBE POULE SHDP* 1.00 1,99
JB BOUIL CUBE LEG DEGRAIS 1.00 2,59
JB BOUIL CUBE LEG DEGRAIS 1.00 2,59
JB HUILE D’OLIVE EXTRA FR 1.00 4,99
JB HUILE OLIVE VIERGE EXT 1.00 6,99
Total brut HT: 40.62
Total Net HT: 36.56
Total TVA: 2.01
Total TTC: 42.86
Remise 10.00%: 4,29
Net TTC: 38.57
Taux réduit sur 36.56 2,01
Paiement par Carte bancaire 38.57 EUR
"
345,815,False,2016-07-01 16:12:14,0.6204000000000001,84.6,0.6672666666666667,"HYPER
Coop Atlantique
Beaulieu – La Rochelle
Route de Nantes / BP 133
17285 Puilboreau Cedex
Tel : 05 46 68 03 22
Opérateur Date Heure TPV Ticket
102 MND 08/05/17 16:16 12 145160
>>>> LIQUIDES
75CL BORDEAUX RG 14 3.20 €
COCA COLA PET 1.5L 1,39 €
>>>> BOUCH.LS.INDUS.
HACHE P.BOEUF 15%MAT.GR U 350G 3,75  €
>>>> VOL .LS INDUST.
AIGUILLETTE P0ULETX8 3.62 €
>>>> BOUCH.VOL.ATELIER
2 X STEACK ** A GRILLER 3.89  €
>>>> SURGELES
SAUMON ATLANTIQ POIREAU.U 400G  3.99 €
TARTE AUX POIREAUX U 400G 1.68 €
>>>> CHARC.TRAIT.SAUC.SECS L
 CERVELAS QUAL .SUPER.HERTA 400G 2.I8 €
T0RTELLINI BOEUF 300G 1.89 €
ALLUMETTES NATURE HERTA 2X102G 1.72 €
TAGLIATELLE LUSTUCRU 355G 1.50 €
PIZZA JBN CHAMPIGNONS U 200G  1.30 €
>>>> CREMERIE L.S.
LE FLEURIER 1/2 SEL 52%MG 500G  3.30 €
CR,FRAICHE EP.30% Y0PLAIT 50CL 1.42 €
EMMENT.PAST.RAPE 29%MG U 200G  1.39 €
>>>> EPICERIE
PATE A TARTINER NUTELLA 750G 3.99 €
THON ENT.LTISTAO NATUREL U 215G 1.83 €
TOMATE PELEE AU JUS 4/4 1.25 €
COUDES RAYES CUI.RAP.PANZ.500G 1.13 €
210G  T0MAT.BASILIC 0.98 €
>>>>  BEAUTE SANTE
LAMES HYBR0 3 WILKINSON X5 10.90 €
SHP.2EN1 CLASSIC HEAD&SH.255ML 3.40 €
DEO.FEM.PROT.&CARE NIVEA 200ML 3.15 €
DCH.P0LY.M0N0I&TIAR.USHU.250ML 2.40 €
TAMPONS APPLICAT NORMAL U X20 1.88 €
X6 PAP.TOILET.DECORE 2 PLIS U L65 €
>>>> CHARCT.TRAIT.TRADT.
PIZZA SAVOYARDE 650G  5.95 €
FUET NATURE 160G 2.50 €
>>>> PAT INDUSTRIELLE
BRIOCHE TRANC.CREME L.F.D.500G 2,01 €
P.DE MIE PUR MIE NATURE U 500G 1.29 €
>>>> FRUITS ET LEGUMES
CHAMPIGNON PIED COUPE BQ.500G 1.95 €
>>>> ENTRETIEN
LIQ.VSL ANTI-ODEURS U FL.500ML 0.77 €
>>>> BRICOLAGE JARDINAGE AUT
POT STD CLASSICA 18X15.5CM 0,75 €
POT STD CLASSICA 15.5X13,5CM 0,60 €
TOTAL 34 Article(s) 84.60 €
CARTE BANCAIRE EUR 42.30 €
CARTE BANCAIRE EUR 42.30 €
11 / Taux Réduit 5.5% : 2,04 €
13 / Taux Normal 20% = 5.02 €
VOS AVANTAGES CARTE U
CODE MAGASIN : 31433
N° CARTE : 8939XXXXX46934
 Vos € CARTE U ACHAT
1 x 0.10 € GRACE A VOTRE AVANTAGE VISITE 0.10 €
2 x 0.10 € GRACE A VOTRE AVANTAGE PANIER 0,20 €
MONTANT ACHATS : 84.60 €
VOTRE SOLDE € CARTE U PRECEDENT : 1.10 €
VOS € CARTE U OBTENUS : 0.30 €
VOTRE NOUVEAU SOLDE € CARTE U : 1.40 €
Les € Carte U obtenus ce jour, seront à valoir dès
le lendemain, sur présentation de votre Carte U,
dans tous les magasins U participant au programme
de fidélité. Voir conditions à l’accueil.
TICKET A CONSERVER
OFFRE SPECIALE
C00PERATEURS !
Colis “barbecue” fait maison :
15 euros les 3kg c’est exceptionnel
Rendez-vous vite à l’accueil
pour passer commande.
CARTE U : JEUDI 11 MAI
UN SALADIER DE PIQUE NIQUE OFFERT
DES 50 EUROS D’ACHATS
(Voir conditions à l’accueil du magasin)
Opérateur Date Heure TPV Ticket
102 MND 08/05/17 16:18 12 145160
Votre magasin est ouvert du
lundi au samedi de 9h à 21h
Merci de votre visite et à bientôt !
Les articles sont repris intacts
dans leur emballage sous 15 jours*
6631433012145160
"
353,845,False,2017-06-14 14:37:59,0.6763333333333333,105.2,0.5010666666666667,"LE MANZIO
BAR . BRASSERIE . PIZZERIA
22 RUE DE LA SCIERIE
17000 LA ROCHELLE FRANCE
SIRET:79270030400019 NAF:5610A TVA:FR36792700304
RESERVATION 05 46 44 51 15
TABLE 10
1 COUVERT GUILLAUME
LA PIUMA 15.90 D
COCA COLA 3.50 C
VERGER DU MIDI 6.90 D
CAFE 1.90 C
TOTAL 28.20
HT TVA TTC
C TVA 10.00% 4.91 0.49 5.40
D TVA 10.00% 20.73 2.07 22.80
3 TICKET RESTO 27.00
ESPECES 1.20
SEPARATION Montant Initial: 105.20
MERCREDI 14-06-2017 14:37:59
CLe 2-Serv: 2-Caisse 1-Num = 0014913/001
PRIX, SERVICE & TVA INCLUS
MERCI DE VOTRE VISITE
Prix Nets – Service Compris
"
355,852,False,2017-06-10 11:45:00,0.7412000000000001,6.71,0.6699,"PRIMEURS 17
06 63 28 50 44
Balance: 3 Client: 31
Date : 10/06/2017 11:45
Vendeur : 4 DELPHINE
Rayon : 1 -
Num Ticket : 197
kg € /kg €
abricot
1,045 3,90 4,08
avocat
2 Art x 1,50 3,00
TOTAL: 7,08
Dont TVA 5,50%: 0,37 €
Total TVA : 0,37 €
Total HT : 6,71 €
2 transaction(s)
3 Article(+)
"
358,860,False,2016-03-02 05:46:41,0.6679333333333333,20.0,0.6674333333333333,"SAGA
COSMETICS
LA ROCHELLE
28 RUE CHAUDRIER
17000 LA ROCHELLE
05 46 41 23 16

Ouvert de 10h à 19h

BB CREME PURE ACTIVE MED
3600541542952 = 5.50 €
SHP OIL NUTRITIVE 250 ML
5410091712334 = 2.50 €
APSHP EXPERT LISS 750ML
3600550170207 = 4.50 €
SHP EXPERT BRILLANCE CHX
3600521730645 = 4.50 €
GD ZERO % PEAUX NORMALS
8714789861913 = 3.00 €

Total 20.00 €

Carte bancaire : 20.00 €

Taux TVA Montant H.T. T.V.A.
20 % 16.66 € 3.34 €

18/03/2017 14:46

0102436980007

Vous avez été servi(e) par ALICE

Echange sous 8 jours sur produits
blistés et operculés, hors promotions.
Condition : présentation du ticket
de caisse.
Merci de votre visite et à bientôt
"
359,863,False,2017-06-07 12:07:42,0.7152666666666667,1.27,0.5015333333333334,"PARASHOP
PARASHOP
28 rue des Merciers
17000 LA ROCHELLE
Tel : 05 46 51 18 50
parashop.com
ELMEX SENS.PRO 2X7 7.60
0000000033547
TOTAL TICKET EUROS NET 7.60
CARTE BANCAIRE 7.60
TVA H.T
TVA 20.00% 1.27 6.3
TOTAL TVA : 1.27 6.3
002 HOT : FLORENCE
Ticket: 014541 le 07/06/2017 12:07:42
Conseiller :
MERCI DE VOTRE FIDELITE
Retrouvez nous sur Facebook
et sur parashop.com
Echange ou remboursement
exclusivement sous forme d’avoir
dans un delai de 30 jours sur
presentation du produit intact dans
son emballage d’origine et de
l’original du ticket de caisse.
* MYPARASHOP *
NOUS VOUS INVITONS A RETIRER DANS
VOTRE MAGASIN LA CARTE MYPARASHOP
GRATUITE VOUS OFFRANT DE NOMBREUX
AVANTAGES.
Du 16 mai au 12 juin 2017 profitez
d’une remise de -25%
sur une sélection de soins corps.
"
360,866,False,2017-06-08 23:26:25,0.6764666666666667,134.8,0.5012000000000001,"LE MANZIO
BAR . BRASSERIE . PIZZERIA
22 RUE DE LA SCIERIE
17000 LA ROCHELLE FRANCE
SIRET:79270030400019 NAF:5610A TVA:FR36792700304
RESERVATION 05 46 44 51 15
TABLE 65
1 COUVERT GUILLAUME
BLUE HAWAIAN 7.10 B
SEX ON THE BEACH 7.10 B
*4CL SEVE DE JOIE 6.40 B
LA BIQUETTE 14.30 D
TOTAL 34.90
HT TVA TTC
B TVA 20.00% 17.17 3.43 20.60
D TVA 10.00% 13.00 1.30 14.30
C.B. 34.90
SEPARATION Montant, Initial 134.80
JEUDI 08-06-2017 23:26:25
Cle 2-Serv: 2-Caisse 1-Num: 0013919/001
PRIX, SERVICE & TVA INCLUS
MERCI DE VOTRE VISITE
Prix Net,s – Service Compris
"
363,886,False,2000-07-01 00:00:00,0.3044,29.15,0.6676666666666667,"LA BOUCHERIE
RESTAURANT
45 Rue de la Scierie – 17000 LA ROCHELLE
Tél: 05 46 30 48 30
jeudi 22 juin 2017
Note numéro 109 763
Table : 44-1 Nombre de couvert 1
QTE ARTICLE PRIX
1 1664 25 cl 3.80 €
1 MAQ RUSTIQUE 220 16.90€
1 PAVLOVA 6.50 €
1 EXPRESSO 1.95 €
TOTAL: 29.15 €
Dont TVA : 2.94 €
taux : 20.00 % HT 3.17 € TVA : 0.63 €
taux 10.00 % HT 23.05 € TVA 2.30 €
DU 5 JUIN AU 25 JUIN
COTE 400G A 16.9 EURO
VOIR CONDITION EN RESTAURANT
LA BOUCHERIE
No Intracommunautaire : FR 37 422 525 865
LA BOUCHERIE – Siret : 422 525 865 00016
"
367,905,False,2022-01-02 06:26:18,0.6509333333333334,14.31,0.5025666666666667,"LES SERRES DES ANGLOIS
17690 ANGOULINS
TEL 06 26 18 21 22
Balance: 2 Client: 52
Vendeur: 1 STEVE
Rayon : 1 -
Num Ticket : 220
kg € /kg €
CAROTTE BOTTE
1 Art x 2.50 2.50
CONCOMBRE
1 Art x 1.50 1.50
PATATE DOUCE
0.225 4,30 0,97
BROCOLIS
0.705 4,90 3,45
OIGNON BOTTE
1 Art x 2.50 2.50
COURGETTE
0.705 3.00 2.12
POIVRON ROUGE
0.230 5.50 1.27
TOTAL: 14.31
7 transaction(s)
7 Article(+)
"
371,911,False,2017-05-03 15:39:00,0.6222333333333333,27.01,0.3348333333333333,"E.LECLERC
SAINT JEAN D’ANGELY
**********
VOUS SOUHAITE
LA BIENVENUE
TEL.: 05.46.32.11.83
Caisse 009-0101 23 mai 2017 15:39
Ticket 23/05/17 0 0995 07X00
TTC TVA
* LES EXQUIS THON,80G 0.76 5
* LES EXQUIS THON,80G 0.76 5
* LES EXQUIS THON,80G 0.76 5
* LES EXQUIS THON,80G 0.76 5
* LES EXQUIS THON,80G 0.76 5
* LES EXQUIS THON,80G 0.76 5
POMME DE TERRE CONSOMMATION 2.79 2
Total 7 articles 7.35
Especes 10.35
Rendu 3.00
Code HT TVA TTC
2 5%50 2.64 0.15 2.79
5 20%00 3.80 0.76 4.56
Avec la carte E.Leclerc
Detail des avantages obtenus :
Marque repere 0.25 E
Vous venez d’obtenir : 0.25 E
CUMUL DISPONIBLE AU 24/05/17 : 6.50 E
Ce CUMUL DISPONIBLE est a valoir sur
vos prochains achats dans tous les
magasins E.LECLERC participant a
l’opération et sur présentation de
votre carte E.LECLERC.
Modalites, duree de validité a l’accueil
En 2017, vous avez obtenu en tout,
grâce a la carte E.Leclerc,
27.01 E,
Merci de votre fidélité
NOUS VOUS REMERCIONS
DE VOTRE VISITE
ET TOUJOURS PLUS
D’AVANTAGES AVEC LA
CARTE E.LECLERC
DE VOTRE MAGASIN
"
372,912,False,2017-05-08 09:21:00,0.6183000000000001,5.98,0.3352666666666666,"E.LECLERC
SAINT JEAN D’ANGELY
**********
VOUS SOUHAITE
LA BIENVENUE
TEL.: 05.46.32.11.83
Caisse 009-0101 18 mai 2017 09:21
Ticket 18/05/17 0 0995 00E00
TTC TVA
CAROTTES 0.96 2
BAGUETTE DE CAMPAGNE 0.70 2
Total 2 articles 1.66
Especes 2.00
Rendu 0.34
Code HT TVA TTC
2 5%50 1.57 0.09 1.66
kc la carte E.Leclerc
CUMUL DISPONIBLE AU 19/05/17 : 5.47 E
Ce CUMUL DISPONIBLE est a valoir sur
vos prochains achats dans tous les
magasins E.LECLERC participant a
1’operation et sur présentation de
votre carte E.LECLERC.
Modalites, duree de validité a l’accueil
En 2017, vous avez obtenu en tout,
grâce a la carte E.Leclerc,
25.98 E,
Merci de votre fidélité
NOUS VOUS REMERCIONS
DE VOTRE VISITE
ET TOUJOURS PLUS
D’AVANTAGES AVEC LA
CARTE E.LECLERC
DE VOTRE MAGASIN
"
373,913,False,2017-06-02 13:08:07,0.7142999999999999,6.64,0.6679666666666666,"LE GRENIER A PAIN – CHATEAUBRIAND
Place Chateaubriand
44000 NANTES – France
Tél. : 02 40 35 68 22
TICKET N°010526 – VNT le 02/06/2017 13:08:07
caisse : CAISSE_3_0 – impression n°1
Opérateur : 0011 / Claire / Vendeur : 0011 / Claire
Qté PU TTC Prix TTC TVA
Formule 1 1 7.30 7.30€ 5
TOTAL TTC : 7.30€
Total remise : O.OO€
Nombre total d’articles : 1/1 ligne(s)
TAXES :
5 – TVA 10% 0.66€ / 6.64€ HT
TOTAL : 6.64€ HT
Réglement : Espèces 7.30€
Versé : 7.30€
A rendre : 0.00€
MENC0MSI version 1.201717.0
N* de certificat B 0041
Signature : GZeL – Préc : 0
NAF : 1071C – TVA : a renseigner
SIRET : 499 093 409
Em@il :
Merci à bientôt
"
375,923,False,2017-02-26 10:17:03,0.6875,57.56,0.6675333333333333,"SIMPLY ST JEAN DE BRAYE
BIENVENUE DANS VOTRE MAGASIN
Avenue Charles Peguy
02.38.61.51.00
EPICERIE
H COFFRET SNACK ASS 0.79€
F BISCUITS 1.91€
H ASPERGE BLANCHE MOYE 2.18€
H AUCHAN ASPERGE MOY.V 2.29€
H AUCHAN ASPERGE MOY.V 2.29€
H FUSILLI 500G SS/GLUT 2.05€
H MINI CAKE CHOCO SS/G 3.08€
H MINICAK FRAI.S/GLUX6 3.23€
PAIN AU GRAINE S/GLU 3.75€
BOISSONS
CRISTALINE 6X 1L5 1.02€
H LAIT 1/2 ECREME AUCH 4.68€
SURGELES
H POMMES NOISETTES AUC 0.98€
H POMMES NOISETTES AUC 0.98€
MAGNUM MINI BLC AMAN 2.79€
MAGNUM MINI DOUBLE X 2.79€
CREMERIE LS
FRUIT DOR 100% VEGET 1.95€
H EMMENTAL PORTION AUC 1.91€
H EMMENTAL RAPE AUCHAN 1.55€
H PETIT BRIE AUCHAN 50 3.61€
FROMAGE TRAD
FE SELLES SUR CHER A 3.50€
FE ST.NECTAIRE FERMI 3.00€
LE SAINT DE BRAYE 3.63€
FLEG FLEURS PLANTES
TPP PAMPLEMOUSSE ROS 2.39€
TROPICANA TONIC BREA 2.65€
BOUCHERIE
B0EUFX2 STEACK**A GR 4.56€
*** Détail avantages points
EMMENTAL RAPE A x 1 5 points
EMMENTAL PORTIO x 1 5 points 
PETIT BRIE AUCH x 1 5 points
POMMES NOISETTE x 2 10 points
LAIT 1/2 ECREME x 1 5 points
FUSILLI 500G SS x 1 5 points
MINI CAKE CHOCO x 1 5 points
MINICAK FRAI.S/ x 1 5 points
COFFRET SNACK A x 1 5 points
AUCHAN ASPERGE x 2 10 points
ASPERGE BLANCHE x 1 5 points
Total Points 65 points
= T 0 T A L ( 25) 63.56€
BON D’ACHAT FIDELITE 6.00€
CARTE BANCAIRE EUR 57.56€
Carte : 2007016204956
Compte Fidélité
Ancien Solde 13 points
Points crédités 65 points
Vous avez 0 Bon(s) d’achat
fidélité disponible(s),
MERCI DE VOTRE FIDELITE.
008/428 N°000372 26/02/2017 10:17:03
"
380,935,False,1980-03-03 00:00:00,0.3047666666666667,8.6,0.5015999999999999,"SSP France
RITAZZA
1 Rue Charles-Domercq
33800 BORDEAUX
5000529 Tatiana
Fct 114 N :0001-0100016 Cvt ‘0
Mai30’17 02:40PM
Sur pIace
1 Quiche legumes 5.90
RIT
1 Fromage Blanc 2.70
Fr Rouge
Especes 10.00
0.78 TVA 10% 8.60
TTL Net 7.82
Sous Total 8.60
Reglement 8 - 60
A Rendre 1.40
*** Merci et bon voyage ***
RCS: 534681697
Votre avis nous interesse
Code UR: 930116
Rendez-vous sur notre site web
go to the website
www.eatonthemove.com/FR
"
381,936,False,2017-05-07 17:54:00,0.6167333333333334,5.98,0.3351333333333333,"E.LECLERC
SAINT JEAN D’ANGELY
VOUS SOUHAITE
LA BIENVENUE
TEL.: 05.46.32.11.83
Caisse 012-0105 17 mai 2017 17:54
Ticket 17/05/17 0 0C0J 05A00
TTC TVA
LITIERE POUR CHAT PARF 1.20 5
JBON SUP DD LE CHARCUTIER 1.83 2
Total 2 articles 3.03
Especes 10.00
Rendu 6.97
Code HT TVA TTC
2 5%50 1.73 0.10 1.83
5 20%00 1.00 0.20 1.20
Avec la carte E.Leclerc
CUMUL DISPONIBLE AU 18/05/17 : 5.47 E
Ce CUMUL DISPONIBLE est a valoir sur
vos prochains achats dans tous les
magasins E.LECLERC participant a
l’operation et sur presentation de
votre carte E.LECLERC.
Modalites, duree de validite a l’accueil
En 2017, vous avez obtenu en tout,
grace a la carte E.Leclerc,
25.98 E,
Merci de votre fidelite
NOUS VOUS REMERCIONS
DE VOTRE VISITE
ET TOUJOURS PLUS
D’AVANTAGES AVEC LA
CARTE E.LECLERC
DE VOTRE MAGASIN
"
384,940,False,2014-03-06 21:23:02,0.4779333333333333,13.79,0.5010333333333333,"A L D I
ALDI ST JEAN BRAYE BIENVENUE
ALDI
VOUS REMERCIE DE VOTRE VISITE
RETROUVEZ L ADRESSE DE TOUS NOS MAGASINS
SUR www.aldi.fr
BANANES VRAC
kg EURO/kg EURO
0,844 1,59 1,34
BOUQUET DE 9 TULIPES 1,99
POMMES GOLDEN 2 KG 2,49
POMME VRAC
kg EURO/kg EURO
1,486 1,95 2,90
AVOCAT VRAC 1,19
CHOCO NOIR NOISETTES 1,89
CHOCOLAT NOIR AMANDES 1,99
A PAYER EURO 13,79
PAIEMENT CARTE 13,79
TVA Net MONTANT TVA BRUT
B 5,50% 11,18 0,62 11,80
G 10,00% 1,81 0,18 1,99
NOMBRE ARTICLES 7
TOUS LES JOURS VOTRE ALDI VOUS PROPOSE
DES PRODUITS DE QUALITE AU MEILLEUR PRIX
DU LUNDI AU SAMEDI DE 8H30 – 19H30
MERCI DE VOTRE FIDELITE
04(3!048 0263 % 14:21 23.02.2017
"
387,949,False,2017-02-02 12:57:00,0.6680666666666666,135.0,0.6674666666666667,"Les
4
Sergents
MER 22 FEV 2017 12:57
TABLE 7 COUVERTS 3
** NOTE **
QTE ARTICLE P.U.€ TOT.€
1 LA FORMULE 16.00 16.00
2 MENU BORIS 27.00 54.00
2 KIR AU VIN BLANC 6.00 12.00
1 Cht de Beaulon 5ans bl 7.00 7.00
1 DESSERT DU MARCHE 6.00 6.00
1 MAREUIL BLANC 2014 28.00 28.00
3 CAFE 4.00 12.00
TOTAL TTC 135.00 €
RESTE A PAYER 135.00 €
TAUX HT € TTC € TVA €
TVA 20% 39.17 47.00 7.83
TVA 10% 80.00 88.00 8.00
TOTAL 119.17 135.00 15.83
VENDEUR : DIRECTION
PRIX PAR PERSONNE : 45.00 €
MERCI ET A BIENTOT
PRIX NET TTC SERVICE COMPRIS
49, Rue de Saint Jean du Pérot – 17000 LA ROCHELLE
Tél. 05 46 41 35 80 fax 05 46 41 95 64
contact@les4sergents.com - wwww.les4sergents.com 
SIRET 524 273 729 000? APE 551O A – T. V A. InTra FR 52 524 273 729
"
389,956,False,2001-01-25 15:01:00,0.6105666666666666,19.32,0.6675333333333333,"MONOPRIX
service clients
0 800 08 40001
APPEL GRATUIT DEPUIS UN POSTE FIXE
monoprix.fr
* MONOPRIX LA ROCHELLE 05.46.41.69.11*
LIVRAISON GRATUITE AVEC LA CARTE M
EUR
COTE MONTPEZAT CAS 7,90
PT SABLES PARMES.M 2,49
200G SCHOKOBONS KD 2,86
EXCELL.NR ORGE INT 1,81
100G EXC LT CARA 1,61
CREAT.MOUS.CHOC.NR 2,82
EUR* TOT 19,49
REMISES PROMOTIONNELLES
PROMO CARTE EXCELL.NR ORGE INT- 0,09
PROMO CARTE 100G EXC LT CARA- 0,08
TOTAL DES AVANTAGES -0,17
TOTAL AVEC AVANTAGES 19,32
VP EUR Carte Bancaire 19,32
EUR A RENDRE 0,00
NOMBRE D’ARTICLES : 6
Numéro de carte: 8103034904
Carte Fidélité Monoprix
VOTRE COMPTE S’MILES
Au 27/09/2016
VOTRE SOLDE S’MILES 38
S’MILES SUR ACHAT 1,9
TOTAL S’MILES DU TICKET 1,9
NOUVEAU SOLDE S’MILES* 39,9
* Sous réserve des opérations en cours
27/09/16 15:01 2501 01 0154 120
LACarte: -5% sur + de 500 produits du
quotidien. Voir modalités en magasins
"
390,961,False,2016-08-26 17:37:00,0.6220333333333333,5.0,0.1684999999999999,"GEMO
GEMO 05621
17138 PUILBOREAU
TEL : 05-46-68-18-67
MAG: 05621 VD.: 55 LUCIE
Le 26/08/2016 à 17h 37mn
REFERENCE Pt/Taille
Ote P.U St/Total
ESCARPIN NOIR
30.38.664.0297 360 36
1 29.99 29.99 A
TOTAL TTC EUR (1 art) : 29.99
Taux H.T. TVA
A 20.00 24.99 5.00
A CONSERVER POUR TOUT
ECHANGE
A BIENTOT SUR www.gemo.FR
MERCI DE VOTRE VISITE
"
393,967,False,2016-06-02 11:03:00,0.4923666666666667,4.8,0.5015666666666667,"SSP France
BONNE JOURNEE
PLACE PIERRE SEMARD GARE
17000 LA ROCHELLE
2900015 Sandrine
Fct 4412 N :0001-0024406 Cvt 0
Fev26’ 16 11:03AM
A emporter
1 Pavot Jambon Cru 4.80
Especes 5.00
0.44 TVA 10% 4.80
TTL Net 4.36
Sous Total 4.80
Reglement 4.80
A Rendre 0.20
*** Merci et bon voyage ***
RCS Paris : 310161385
Votre avis nous interesse
Code UR: 906114
Rendez-vous sur notre site web
go to the website
www.eatonthemove.com/FR
"
396,974,False,2020-06-01 13:00:44,0.5710333333333334,1.88,0.5012666666666666,"MONOPRIX
service clients
NoVert 0 800 08 4000
APPEL GRATUIT DEPUIS UN POSTE FIXE
monoprix.fr
******** MONOPRIX MONTPARNASSE *******
*** DU LUNDI AU SAMEDI DE 9H A 21H ***
EUR
PIM’S FRAMBOISE LU 1,40
1L VITTEL 0,48
EUR* TOT 1,88
VP EUR Carte Bancaire 1,88
EUR A RENDRE 0,00
NOMBRE D’ARTICLES : 2
4/06/16 20:13 0044 04 0257 33
1561600402575
LACarte: -5% sur + de 500 produits du
quotidien. Voir modalités en magasins"
397,976,False,2021-09-01 05:46:47,0.6474,29.0,0.5015999999999999,"MADE ILE
Avenue du port
17480 Le Chateau
Tel : 05 46 47 19 21
Date : 22/03/2016-18:20-Vend 1
Poste : C1
FACTURE N° T1 C1 3735
312 DC2356
Qté 1x29 29.00
TOTAL HT 24,17
TOTAL TVA 4,83
TOTAL TTC 29,00

CARTE BANCAIRE (22/03/2016) 29.00
E
TVA à : 20 = 4 83
merci de votre visite
A bientôt
Echange sous 7 jours voir conditions en magasin.
Aucun remboursement ne sera effectué.
"
399,981,False,1970-02-05 05:45:39,0.5722333333333333,209.91,0.1709,"SARL LAGARDE
PANTOUFLES CHARENTAISES
CHASSENEUIL
MERCI DE VOTRE VISITE
TEL : 05. 45. 39. 52. 70
26-12-2015 CR-N00000
CHARENT BOIT *32. 00T1
TOTAL*32. OO€
LOCAL *209. 91
C-CREDIT *32. OO€
*5. 33TX
16 - 34 0027
"
402,985,False,2011-05-01 10:10:00,0.4854666666666666,15.4,0.5009666666666667,"MR BRICOLAGE
SAINTES
TEL ?17.14
Le 10/10/15-11:5?:No VT-15-056-135391
HOT. SOPHIE
ARTICLE PX ?NI? QTE TOTAL
?269552376024 BR0S PLAT.GLYCER.20
835462 3 2.50 1.00 2.50
3603747015350 P.MS BLEU CA7 SAT0L5
701535 3 12.90 1.00 12.90
NB ARTCLES : 2
NET A PAYER EUR 15.40
FRF 101.02
PAYE CARTE AUTO EU? SOIT EUR 15.40
3 20.00% BASE HT 12.83 TVA 2.57
1 EURO = 6.55957 FR?
OUVER LUNDI A ? 9H ?12H/14H-19H
OUVERT SAMEDI 9H ? SANS INTERRUPTION
RETOUR ARTICLE SOUS 30 JOURS
AVEC TICKET POUR AVOIR
LES ARTICLE DEBALES, LES TEINTES,
LES DECOUPES, LA VISSERIE EN VRAC ET
LES TUYAUX GA? SONT NI REPRIS
NI ECHANGES
MERCI ET ? BIENTOT"
404,992,False,2016-12-08 18:12:49,0.5876666666666667,1.22,0.6676,"Netto
ZAC DE BEAULIEU
17138 PUILBOREAU
TEL 05.46.67.44.06
LAX : 05.46.68.08.77
NETTO SIROP FRAMBOIS 2.25 EUR A
NETTO SAC POUBELLE 2 1.19 EUR B
ADHESIF TRANSPARENT 1.45 EUR B
NETTO MOULINE LEG.VA 1.22 EUR A
MONTANT DU 6.11 EUR
CB SANS CONTACT 6.11 EUR
Nombre d’articles vendus= 4
TOTAL ELIGIBLE TRD 1.22 EUR
A RENDRE 0.00 EUR
ESPECES 0.00 EUR
RECAPITULATIF TVA
CODE TVA MT. HT MT. TVA MT. TTC
A 5.50% 3.29 0.18 3,47
B 20.00% 2,20 0,44 2,64
TOTAL TVA 5.49 0,62 6,11
18:12:49 8/12/2016
M55167 C001 00005 T0055
MERCI DE VOTRE VISITE A BIENTOT
CE TICKET VAUT BON DE GARANTIE
OUVERT DU LUNDI AU SAMEDI
DE 8 H30 A 20 H 00
LE DIMANCHE DE 9 H 00 A 12 H 30
* Retrouvez nos PROMOTIONS sur NETTO.fr
"
406,996,False,1971-08-07 02:40:00,0.6750333333333333,7.54,0.5047666666666667,"BOUCHERIE
PHILIBERTINE
TEL 02 40 78 71 14
37 RUE DE HOTEL DE VILLE
16/DEC/16 13:40 V -
Art. kg €/kg €
1 0.420 17.9 7 54
TOTAL 7 54
(1)
MERCI DE
VOTRE VISITE
"
407,999,False,2016-12-07 16:22:00,0.6537000000000001,12.55,0.5027666666666667,"PHARMACIE DU MARCHE
5 Rue Pas du Minage
17000 LA ROCHELLE
TEL. 05.46.41.29.62
mar 27 Déc 16 16:22 Caisse n° 1
VENDEUR: 4
1xDOLIPRANETABS 1 000 MG CP 2.10
1xDOLIPRANETABS 500MG CPR 1 2.10
1xCICALFAlE AVENE LOTION FL 8.35
Sous total TTC 12.55
Total TTC EURO 12.55
Total dû 12.55
Réglement :
CARTE Pt CB 12.55
"
409,1025,False,1994-06-07 05:46:56,0.4844333333333334,38.96,0.6673666666666667,"JOUECLUB LAGORD
AVENUE DU FIEF ROSE
17140 LAGORD
Tel : 05-46-56-76-94
Fax :
Ticket de caisse et emballage du produit
à conserver pour tout retour et garantie
Aucun remboursement ne sera effectué.
BEACH COMBO SET 1×4.99 4.99 EUR
3117660704029 70402 70402
PAPIER CADEAU D 1×3.99 3.99 EUR
3045670001992 000199 199
Mes jeux de gra 1×24.99 24.99 EUR
4005550245246 24524 624524
HAND SPINNER CE 1×4.99 4.99 EUR
2247681245658 124565 124565
Total TTC 38.96 EUR
Visa : 38.96 EUR
Dont tva :20.00 %: 6.49 EUR
date : O1/07/2017 heure: 10:56:54
Ticket : 21 Caisse N°: 2
Caissier :CAISSE2 Vd:01
MERCI DE VOTRE VISITE, A BIENTOT"
413,1096,False,2000-07-01 00:00:00,0.3048,16.1,0.5015,"LA GALETTIERE
CREPERIE
9 RUE DE LA CHAINE
17000 LA ROCHELLE
TEL 05.46.28.29.59
SAM 13 MAI 2017
TABLE 104 COUVERTS 0
Qté Désignation P.U TOTAL
1 L INDIENNE 10.50 10.50
1 BANANES NUTTELA 5.60 5.60
TOTAL TTC 16.10
TVA 10.00% 1.46
HT A TVA 10.00% 14.64
TOTAL A PAYER 16.10
MERCI DE VOTRE VISITE
A BIENTOT
SIRET 512.275.744.00013
VENDEUR- CAISSE
"
414,1097,False,2018-07-01 10:00:00,0.4652,22.2,0.5013333333333333,"LA GALETTIERE
CREPERIE
9 RUE DE LA CHAINE
17000 LA ROCHELLE
TEL 05.46.28.29.59
SAM 13 MAI 2017
TABLE 104 COUVERTS 0
Qté Désignation P.U TOTAL
1 LA CABECOU 10.90 10.90
1 PINEAU DES CHARENTES 3.30 3.30
1 GOURMANDE/CHOC 8.00 8.00
TOTAL TTC 22.20
TVA 20.00% 0.55
HT A TVA 20.00% 2.75
TVA 10.00% 1.72
HT A TVA 10.00% 17.18
TOTAL A PAYER 22.20
MERCI DE VOTRE VISITE
A BIENTOT
SIRET 512.275.744.00013
VENDEUR- CAISSE
"
415,1109,False,2017-04-23 21:13:54,0.6762333333333334,350.0,0.3342333333333333,"CAFE DE RENNES
12. PLACE DE LA GARE
35000 RENNES (FRANCE) FRANCE
SIRET : 34879217700019 NAF : 5610A TVA : FR04348792177
TABLE 40
5 COUV. DIRECTION
ANNUL.APRES EDITION
- 1 RICARD - 2.70
** TABLE EDITEE **
SIGNATURE du responsable Pour Annulation
TICKET NON VALABLE POUR ENCAISSEMENT
To:030 Doc:74936 B0002 (LO?L) MANF010M
DIMANCHE 23-04-2017 21:13:54
Cle 11-Serv : 11 Caisse 1 Num : 0013294/006
"
419,1140,False,2016-12-23 17:03:00,0.7365999999999999,1.32,0.1693,"MILLE STOCK
Z.C BEAULIEU
REG 23-12-2016 17:03
C1 MC #01 000169
COMPTE000001
2X PU1/ 3.99
2 DEPARTEMENT19 7.98
2X PU1/ 3.49
2 DEPARTEMENT 19 •6.98
1 DEPARTEMENT 59 •1.99
1 DEPARTEMENT 59 •1.99
1 DEPARTEMENT 37 •0.89
1 DEPARTEMENT 40 •1.49
8 No
H.T. 20 •17.77
TVA 20 •3.55
TOTAL • 2 1 . 32
CB •21 32
"
421,1151,False,1999-01-02 05:46:28,0.6170333333333334,12.4,0.6681666666666666,"A LA FERME D’AUNIS
RUE THEODORE TOURNAT
17700 SURGERES
TICKET DE CAISSE N°163874
jeudi 20 avril 2017
DESIGNATION ARTICLE
QTE * Pu.TTC € Pt.TTC €
ASPERGE VERTE BOTTE 500G
1* 3.70 € 3.70
ASPERGE PIQUE NIQUE 500G
2* 2.80 € 5.60
LAIT ENTIER PASTEURISE
1* 1.40 € 1.40
OEUF MOYEN X6
1* 1.70 € 1.70
Montant HT 11.75 €
TVA à 5.50 % 0.65 €
TVA à 20.00% €
TOTAL TTC 12.40 €
Réglé 12.40 €uro Carte 20/04/17
DONNE : €
RENDU : €05 46 28 21 99"
422,1163,False,2014-07-07 04:12:04,0.5484,23.37,0.5010333333333333,"LIDL
SURGERES 2829
24 avenue François Mitterand
17700 SURGERES
Lundi – Samedi 08h30-19h30
EUR
Poire Vrac 1,44 A
0,580 kg x 2,49 EUR/kg
Hybrides /Grand sach 0,65 E
Semences fleurs et l 0,29 E
Pommes bicolores 2 k 2.49 A
Citron vert 1.99 A
Pistaches non salées 3.49 A
Epongesvegetales gr 1,05 B
Essui-tout 3 plis 1.99 B
Serviettes b 0283546 1.99 B
Serviette ba 0283545 7.99 B
A payer 23,37
Carte 23,37
A 5,5% TVA de 9,41 0,49
B 20,0% TVA de 13,02 2,17
E 10,0% TVA de 0,94 0,09
2829 807714/04 12.04.17
VOTRE MAGASIN LIDL VOUS SOUHAITE
DE JOYEUSES FETES DE PAQUES !
LIDL, le vrai prix des bonnes choses
Retour marchandises pendant un mois
voir conditions en magasin.
Pièces détachées disponibles
conditions et produits : lidl.fr
"
426,1216,False,2017-06-06 15:56:00,0.6523,2.88,0.5033333333333333,"ALFA PRIM
9 AVENUE DE LA MARNE
45000 ORLÉANS
TEL:02-38-63-26-28
16-JUN–17 15:56
kg EURO/kg EURO
FRUITS ET LEGUMES
0,620 1,97 1,22
FRUITS ET L.E SUMES
1 NP 0,80 0,80+
FRUITS ET LEGUMES
0,435 1,97 0,86
TOTAL 2,88
V. 1 Art. 3 Bal. 2 N.C. 216
MERCI A BIENTOT
"
432,1287,False,2017-02-05 00:00:00,0.2856333333333333,8.31,0.6680333333333334,"LEADER PRICE
express
LEADER PRICE EXPRESS
Tel: 05.46.37.69.46
Votre magasin vous accueille
du lundi au dimanche de 8h à 20h
sauf le mercredi 14h30/20h
et dimanche 8h/13h-15h/20h
F F & L TX RED 0.78 EUR
0.400kg X 1.95€/kg
EMMENTAL RAPE 100G 0.92 EUR
EAU SOURCE 0.19 EUR
EAU VOLCANIA 0.30 EUR
F F & L TX MOY 0.35 EUR
LAIT MONTAGNE 1L 0.89 EUR
CHAMP.EMINCE 230G 0.95 EUR
MECHOUIA 2.73 EUR
F F & L TX MOY 1.20 EUR
TOTAL A REGLER ( 9) 8.31 EUR
CARTE BANCAIRE 8.31 €
Date : 05/02/2017 / Heure : 17:56:21
Caissier: 000001 / Mag : C3084
N ticket : 190 / Caisse : 002
MERCI DE VOTRE VISITE
A BIENTOT
"
435,1349,False,2017-08-02 09:18:00,0.4926333333333333,2.4,0.5015,"SSP France
BONNE JOURNEE
PLACE PIERRE SEMARD GARE
17000 LA ROCHELLE
2900015 Sandrine
Fct 3804 N .0001-0113651 Cvt 0
Fev28’17 09:18?M
A emporter
1 PDJ Reveil 2.40
Espresso
Pain Chocolat
Especes 3.00
0.12 TVA 10% 1.32
TTC Net 1.20
0.06 TVA 5.5% 1.08
TTC Net 1.02
Sous Total 2.40
Reglement 2.40
A Rendre 0.60
*** Merci et bon voyage ***
RCS Paris : 310161385
Votre avis nous interesse
Code UR: 906114
Rendez-vous sur notre site web
go to the website
www.eatonthemove.corn/FR
"
436,1372,False,2017-02-06 18:28:00,0.6186333333333334,1.0,0.3341,"E.Leclerc
S.A.S SADIS
15 rue champagne
st georges
17100 SAINTES
TEL 05.46.93.26.96
BIENVENUE
Caisse 021-0030 16 février 2017 18:28
Ticket 16/02/17 0 0L74 07000
TTC TVA
>> EPICERIE
CHOCO DES.NOIR HACHETTE.2X205G
4 X 3.75€ 15.00 2
>> D.P.H.
COMPRESSE STERILEX60 4.95 5
SOLUTION ANTISEPT.C.GOUTTE 3.99 5
>> CREMERIE CPE
EMMENTAL DOUX EMMI 1/8 2.97 2
>> CREMERIE L. S.
EMMENTA RAPE 28% 3X70G CROISES 1.39 2
BUCHE STE MAURE 1.55 2
>> CHARCUT. TRAITEUR L. S.
JB0N SUP SC ETOUFFE 8TR 4.50 2
>> BOULANGERIE
BAGUETTE DE SESAME,BOULANGERI
2 X 1.00€ 2.00 2
Total 12 articles 36.35
CB 36.35
Rendu 0.00
Code HT TVA TTC
2 5%50 25.98 1.43 27.41
5 20%00 7.45 1.49 8.94
VOTRE NUMERO DE CARTE E.LECLERC EST
2950424252784
Avec la carte E.Leclerc
CUMUL DISPONIBLE AU 17/02/17 : 0.00 €
Ce CUMUL DISPONIBLE est à valoir sur
vos prochains achats dans tous les
magasins E.LECLERC participant à
l’opération et sur présentation de
votre carte E.LECLERC.
Modalités, durée de validité à l’accueil
CARTE GRISE MINUTE
à votre centre L’AUTO E.LECLERC
MERCI
DE VOTRE VISITE.
A BIENTOT
"
437,1374,False,1994-08-06 05:46:50,0.7368,116.5,0.6685333333333333,"Le Valin
41, Quoi Valin
I 7000 LA ROCHELLE
Tél. 05 46 50 68 94
Siret 530 382 589 00014 – NAF 7010Z
12/02/2017 – 14:06
Table n° 22
Servi par : MR BASSET
Couverts : 6
1 BT CHINIAN 22,00
5 MENU 17_50 87,50
1 MENU ENFANT 7,00
TVA 20.00% ( 18.33) 3.67
TVA 10.00% ( 85.91) 8.59
Total à Payer: 116.50 EUR
MERCI ET A BIENTOT"
438,1376,False,2000-04-07 01:55:31,0.735,55.0,0.5009333333333333,"citadium c
Citadium Caumartin Tel: 01 55 31 74 00
*** Ticket client ***
Montants exprimés en euros
ARTICLE (c) VANESSA WU
118091201 55,00
Total payé 55,00
Payé en CB 55,00
Magasin 477 – Principal -
Etage 2 -GTPV G2 0 – TPV 202 -
Transaction 92325 – Opérateur 07438
25/02/2017 - 18:58:08
294770202923250
Merci de votre visite et à très bientôt.
Conservez ce ticket
Date limite d’échange le 27/03/2017
CITADIUM OUVERT 24/24
SHOP ON LINE
CITADIUM.COM"
440,1384,False,1978-01-08 17:15:16,0.5745,31.5,0.5007333333333334,"Cultura
l’esprit jubile
Tél : 05 46 35 50 50
Du lundi au samedi de 9h à 20h
Vous avez été reçu par GWENAELLE
MILZA / HISTOIRE DE L’ ITA x1 (1)
9782818503362 15,00 15,00 
GALLOIS / ET SI TU N’EXIST x1 (1)
9782234081246 16,50 16,50
NET A PAYER EN EUR : 31,50
PAIEMENT EN EUR
CARTE BANCAIRE : 31,50
DETAIL TVA
CODE TAUX HT TVA TTC
1 5,50 29,86 1,64 31,50
Nombre d’articles : 2
Nombre de retours 0
CAISSE : 073 – 10 LE 13/02/2017
TICKET : 80178 A 17:15:16
6000 7411 0000 8017 85
Retrouvez nos offres 24/24
sur cultura.com
"
441,1386,False,2017-02-04 11:22:00,0.6205333333333333,3.18,0.6696,"HUITRES-ROUMEGOUS
0546411008
NUMERO SANI 17058073
Date : 04/02/2017 11:22
Vendeur: 3
Num Ticket : 110
kg € /kg €
SPECIALES VERTES N3
O,485 6,90 3,35
TOTAL: 3,35
Dont TVA 5,50%: 0,17 €
Total TVA : 0.17 €
Total HT : 3,18 €
1 transaction(s)
1 Article(+)"
442,1400,False,2016-02-10 10:42:00,0.5572666666666667,1.33,0.3351333333333333,"espace
culturel
E.Leclerc
CCIAL GRAND ANGLES
TEL:04.90.15.23.00
BIENVENUE DANS VOTRE
NOUVEL ESPACE
culturel
Caisse 075-0109 10 février 2016 10:42
Ticket 10/02/16 0 2553 01V00
TTC TVA
AIKAWA, SAKI / IS THIS FEELINGP 6.64 1
AIKAWA, SAKI / IS THIS FEELINGP 6.64 1
DANGEROUS LOVE N 2 6.64 1
DANGEROUS LOVE N 1 6.64 1
Total 4 articles 26.56
CB 26.56
Rendu 0.00
Code HT TVA TTC
1 5%50 25.16 1.40 26.56
VOTRE CENTRE COMMERCIAL E. LECLERC LES
ANGLES RECHERCHE :
ADJOINT MANAGER FRUITS ET LEGUMES H/F
Expérience de 3 ans exigée.
Contrat CDI temps complet.
Envoyer : CV 4 lettre de motivation +
photo à
SAS ANGLEDIS
1, route de Tavel
30133 LES ANGLES.
Email : angledis.pages@orange.fr
MERCI DE VOTRE
VISITE A BIENTOT
"
444,1417,False,2016-09-09 09:19:00,0.6189333333333333,1.87,0.3344666666666667,"E.Leclerc
S.A.S SADIS
15 rue champagne
st georges
17100 SAINTES
TEL 05.46.93.26.96
BIENVENUE
Caisse 013-0007 19 septembre 2016 09:19
Ticket 19/09/16 0 0D5Q 00C00
TTC TVA
REINE REINETTE,1KG,,FRUITS 1.42 2
POMME GOLDEN 1.59 2
NECTARINE BLANCHE 1.55 2
FEUILLE DE CHENE BLONDE/ROUGE 0.95 2
JAMBON SUP SC MADRANGE 6T 240G 3.30 2
NEZ DE ROBINET FILET 2.12 5
PAINS 6 CEREALES + 3 GRAINES 1.25 2
BAGUETTE DE SESAME,BOULANGERI 1.00 2
Total 8 articles 13.18
CB 13.18
Rendu 0.00
Code HT TVA TTC
2 5%50 10.48 0.58 11.06
5 20%00 1.77 0.35 2.12
VOTRE NUMERO DE CARTE E.LECLERC EST
2950424252784
Avec la carte E.Leclerc
CUMUL DISPONIBLE AU 20/09/16 : 0.25 €
Ce CUMUL DISPONIBLE est à valoir sur
vos prochains achats dans tous les
magasins E.LECLERC participant à
1’opération et sur présentation de
votre carte E.LECLERC.
Modalités, durée de validité à l’accueil
En 2016, vous avez obtenu en tout,
grâce à la carte E.Leclerc,
21.87 €
Merci de votre fidelité
CARTE GRISE MINUTE
à votre centre L\'AUTO E.LECLERC
MERCI
DE VOTRE VISITE
A BIENTOT
"
445,1432,False,2021-11-06 20:00:56,0.5102666666666668,67.27,0.5005000000000001,"Marionnaud
PARIS
320 rue de bourgogne
45000 Orleans
Tel : 02 38 53 35 67
100734415
WELCOME PACK+CARTE F 0.00
Carte Client France
9999604588032
100943461
CN16 KENZ.H.EDT100ML 80.90
Ope 25% Achats New -20.23 
100788131
MASO.TISSU WRAP COUP 3.90
Ope 25% Achats New -0.97 
100905131
BODY WRAP PIED.HYD.R 4.90
Ope 25% Achats New -1.23 
MONTANT DU 67.27
Mast Card \\ Vis 67.27
RENDU 0.00
RECAPITULATIF TVA
CODE TVA MT. HT MT. TVA MT. TTC
20.00% 56.06 11.21 67.27
TOTAL REMISES 3 -22.43
Vos informations Carte de fidélité
Carte 9999604588032
Nom
Points Acquis 67
TOTAL Solde 67
****************************************
CAISSIERE: MAGALI L
11:38:34 19DEC2016
M02524 C001 00001 T0011
Les produits sont échangeables
sur présentation du ticket de caisse
et sous 10 jours. Hors produits Soldés
Retrouvez-nous 24H/24 sur
www.marionnaud.com
Marionnaud Lafayette
Siret :34867416906651, RCS Paris.
"
446,1434,False,2016-12-07 15:56:00,0.6186666666666667,26.55,0.3348,"espace
culturel
E.Leclerc
15 rue Champagne
st georges
17100 SAINTES
TEL 05.46.93.84.88
BIENVENUE
Caisse 073-0042 27 décembre 2016 15:56
Ticket 27/12/16 0 23EC 0DH00
TTC TVA
LA PETITE BOULANGERIE DU BOUT D 7.60 2
UNE SAISON A LA PETITE BOULANGE 18.95 2
Total 2 articles 26.55
Chèque 26.55
Rendu 0.00
Code HT TVA TTC
2 5%50 25,16 1.39 26.55
VOTRE NUMERO DE CARTE E.LECLERC EST
CARTE GRISE MINUTE
à votre centre L’AUTO E.LECLERC
MERCI
DE VOTRE VISITE.
A BIENTOT
"
449,1459,False,2016-12-03 10:08:00,0.6181666666666666,63.24,0.3340333333333333,"E.Leclerc
S.A.S SADIS
15 rue champagne
st georges
17100 SAINTES
TEL 05.46.93.26.96
BIENVENUE
Caisse 013-0011 23 décembre 2016 10:08
Ticket 23/12/16 0 0D5Q 01700
TTC TVA
>> EPICERIE
BISCUIT TENTATION DELACRE 150G 2.24 2
SUCRE BLANC POUDRE EC0+ 0.75 2
FARINE DE BLE T55 ECO+,1KG 0.44 2
* GAUFRETTES ENROBEES CH0C0.,150 0.74 2
CROISSANT DE LUNE,125G 1.09 2
PETIT ECOLIER CHOC.FIN LU 150G
3 X 1.13€ 3.39 2
CHOCAPIC COEUR FONDANT 360 G 2.20 2
>> LIQUIDE
* AOC ST EMILION 15,75CL 8.30 5
* AOC ST EMILION 15,75CL 8.30 5
* AOC ST EMILION 15,75CL 8.30 5
>> CREMERIE CPE
BRIQUETTE DE PEYRET 6.52 2
>> CREMERIE L. S.
BEURRE SURGERES DOUX 1.75 2
* OEUFS FRAIS BIOLOGIQUE X10 MR 2.25 2
>> FRUITS & LEGUMES
POMME GOLDEN 3.02 2
POMME ROUGE 2.10 2
>> BOUCHERIE
FILET DINDE 16.24 2
>> CHARCUT. TRAITEUR L. S.
* ALLUMET LARD FUMES 2X100G VPF 1.33 2
>> BAZAR
* LED STAND 11-75W B22 DP BLX1,1 5.95 5
ECOCLASSIC SPHERIQUE 42W B22 2 4.59 5
>> VIENNOISERIE
BRIOCHE NANTERRE 2.50 2
>> BOULANGERIE
PAVE WOLKORUM 1.50 2
BAGUETTE DE SESAME,BOULANGERI
2 X 1.00€ 2.00 2
Total 25 articles 85.50
Bon achat carte 32.36
Reste 53.14
CB 53.14
Rendu 0.00
Code HT TVA TTC
2 5%50 47.44 2.62 50.06
5 20%00 29.55 5.89 35.44
VOTRE NUMERO DE CARTE E.LECLERC EST
2950424252784
Avec la carte E.Leclerc
Détail des avantages obtenus :
Marque repère 0.25 €
Vous venez d’obtenir : 0.25 €
CUMUL DISPONIBLE AU 24/12/16 : 0.25 €
Ce CUMUL DISPONIBLE est à valoir sur
vos prochains achats dans tous les
magasins E.LECLERC participant 6
l’opération et sur présentation de
votre carte E.LECLERC.
Modalités, durée de validité à l’accueil
En 2016, vous avez obtenu en tout,
grâce à la carte E.Leclerc,
63.24 €,
Merci de votre fidelité
CARTE GRISE MINUTE
à votre centre L’AUTO E.LECLERC
MERCI
DE VOTRE VISITE.
A BIENTOT
"
450,1462,False,2016-12-20 15:03:35,0.6778,2.06,0.6673666666666667,"Intermarché
ENTREPRISE INDEPENDANTE
S A S LES BOIFFIERS
1 COURS HECTOR BERLIOZ
17100 SAINTES
TEL:0546930535
BS BLONVILLIERS POUD 1,60 EUR A
YOPLAIT CR.FRAI EPAI 1,36 EUR A
SURGERES BEURRE DOUX 1,74 EUR A
POIREAU VRAC
1,090 kg X 1,89EUR0/kg 2,06 EUR A
MONTANT DU 6,76 EUR
CB EMV 6,76 EUR
Nombre d’articles vendus= 4
TOTAL ELIGIBLE TRD 2,06 EUR
A RENDRE 0,00 EUR
ESPECES 0,00 EUR
RECAPITULATIF TVA
CODE TVA MT. HT MT. TVA MT. TTC
A 5,50% 6,41 0,35 6,76
CARTE FIDELITE 3250390100032324976
\""UTILISEZ VOTRE SOLDE FIDELITE
AVANT LE 28/02/2017. INFORMATIONS
A L ACCUEIL.”
SOLDE DISPONIBLE 0,13
BONUS +25%
Vous avez déjà effectué vos 4 visites
ce mois-ci, Vous toucherez votre bonus
de 25% à la fin du mois.
Continuez a venir pour augmenter votre
bonus.
15:03:35 20/12/2016
M09133 0006 00010 T0157
VOTRE MAGASIN
ouvert tous les dimanche
DE 9hOO A 12hOO
"
452,1474,False,2016-07-01 20:11:30,0.6211333333333333,76.26,0.6674333333333333,"HYPER
Coop Atlantique
Beaulieu – La Rochelle
Route de Nantes / BP 133
17285 Puilboreau Cedex
Tél : 05 46 68 03 22
Opérateur Date Heure TPV Ticket
135 LC 11/02/17 16:20 11 300128
>>>> CULTURE
VALISE COSTA 71CM 39,90 €
>>>> EPICERIE
SNICKERS X12 600G FORMAT XL
3 x 3,30 € 9,90 €
RIZ THAÏ BIEN VU 1KG
20 x 1,18 € 23,60 €
SUCRE POUDRE BLANC BIEN VU 1KG 0,75 €
SEL FIN SALINE EINVILLE 750G 0,31 €
>>>> FRUITS ET LEGUMES
FRAISE BARQUETTE COEUR 450G 2,99 €
POM.C.PK P.LADY POITOU CHARENT
0,958 kg x 2,95 €/kg 2,83 €
DATTE RAVIER 500G
2x 1,70 € 3,40 €
TOTAL 30 Article(s) 83,68 €
VOS REDUCTIONS IMMEDIATES
3 x 0,99 € BOUNTY MARS SNICKERS -2,97 €
TOTAL REDUCTIONS IMMEDIATES -2,97 €
RESTE A PAYER 80,71 €
ECOBONS 2,45 €
1 x 2,45 EUR
CARTE BANCAIRE EUR 76,26 €
11 / Taux Réduit 5,5% = 1,77 €
13 / Taux Normal 20% = 8,30 €
AVEC LA CARTE U VOUS AURIEZ OBTENU
0,30 €
GAGNEZ DES EUROS CARTE U GRACE A
VOS EXCLUSIVITES PRODUITS U
SPECIAL AIDES CULINAIRES
RENDEZ-VOUS EN MAGASIN
ET SUR MAGASINS-U.COM
(Voir conditions à l’accueil du magasin)
Opérateur Date Heure TPV Ticket
135 LC 11/02/17 16:25 11 300128
Votre magasin est ouvert du
lundi au samedi de 9h à 21 h.
Merci de votre visite et à bientôt !
Les articles sont repris intacts
dans leur emballage sous 15 jours*
6631433011300128
"
455,1501,False,2011-09-06 05:46:41,0.4805,3.5,0.5012666666666666,"MONOPRIX
service clients
0 800 08 4000
APPEL GRATUIT DEPUIS UN POSTE FIXE
monoprix.fr
* MONOPRIX LA ROCHELLE 05.46.41.69.11
LIVRAISON GRATUITE AVEC LA CARTE
EUR
PAIN SPE ????? 3.50
?* TOT 3.50
Carte Bancaire 3,50
EUR A RENDRE 0,00
NOMBRE D’ARTICLES : 1
Numéro de carte: 8109502164
Carte Fidélité Monoprix
VOTRE COMPTE S’MILES
Au 28/02/2017
VOTRE SOLDE S’MILES 11
NOUVEAU SOLDE S’MILES* 11
* Sous réserve des opérations en cours
28/02/17 19 : 1 3 2501 01 0258 1 20
LA Carte de fidélité Monoprix évolue :
pensez à utiliser vos S’Miles !
"
457,1533,False,1996-06-04 05:46:35,0.5021666666666667,6.25,0.5015,"Quality Burger Restaurant
http://www.qulck.fr
LA ROCHELLE
Zone commerciale beaulieu
Quick
Rue de la libération
17138 PUILBOREAU
05.46.35.46.96 
Tva Intraco : FR79950026914
Siret : 95002691404042
Code APE . 5610c
SAM 21 AVRIL 2012
ADDITION #1889838-1
1 FONDANT CHOCOLAT 1.95
1 FANTA 25CL 2.00
1 EXPRESSO 1.10
1 SHAKE FRAISE 09 1.20
S0US-T0TAL : 5.84
TVA 7.0 % 0.41
TOTAL 6.25
Prix Nets Service Compris
Merci et a Bientôt
SUR PLACE
Heure: 17:43 1 CLIENT
BIENVENUE CHEZ QUICK
VOUS AVEZ ETE SERVI
PAR : 42 SIEGFRIED
COMMANDE 1066
PAIEMENT CARTE 6.25
"
460,1543,False,2017-01-21 13:14:00,0.7390333333333333,4.59,0.6714333333333333,"CHEZ RABAH
LA ROCHELLE
Date : 21/01/2017 13: 14
Vendeur: 3 KARIM
kg € /kg €
Divers
0,820 5,90 4,84
TOTAL: 4,84
Dont TVA 5,50%: 0,25 €
Total TVA : 0,25 €
Total HT : 4,59 €
1 transaction(s)
1 Article(+)"
462,1557,False,1980-06-02 12:46:00,0.4722333333333333,69.87,0.5015666666666667,"BOUCHERIE D ANTAN
ROUTE NATIONALE
17220 LA JARNE
Balance: 1 Client: 2790
Vendeur: 5 CEDRIC
Rayon : 1 -
Num Ticket : 1756
kg € /kg €
Divers
0,465 26,80 12,46
Divers
O,630 12,50 7,88
Divers
0,665 18,50 12,30
Divers
2,185 9,80 21,41
Divers
O,600 16,80 10,08
Divers
O,145 26,80 3,89
Divers
O,100 18,50 1,85
TOTAL: 69,87
7 transaction(s)
7 Article(+)
"
465,1597,False,2017-05-03 10:14:00,0.6174666666666667,23.36,0.3345333333333333,"E.LECLERC
SAINT JEAN D’ANGELY
VOUS SOUHAITE
LA BIENVENUE
TEL.: 05.46.32.11.83
Caisse 009-0102 03 mai 2017 10:14
Ticket 03/05/17 0 0995 01G00
TTC TVA
* LES EXQUIS THON 800 LYCAT,80G
7 X 0.76EUR 5.32 5
* CAFE 100% ARABICA BRESIL,250G 2.29 2
UHT BK CHARENTE POITOU 4.14 2
* CREME DESSERT CAFE X4 DELISSE, 0.80 2
* CREME DESSERT CH0C0 X4 DELISSE 0.76 2
AGNEAU 3X GIGOT*** TRANCHE 8.75 2
* LA TRADITIONNELLE VPF,300G 2.99 2
BAGUETTE PLUS
4 X 0.90EUR 3.60 2
Total 17 articles 28.65
Bon achat carte 28.65
Rendu 0.00
Code HT TVA TTC
2 5%50 22.11 1.22 23.33
5 20%00 4.43 0.89 5.32
Avec la carte E.Leclerc
Detail des avantages obtenus :
Marque repere 0.50 E
Vous venez d’obtenir : 0.50 E
CUMUL DISPONIBLE AU 04/05/17 : 2.85 E
Ce CUMUL DISPONIBLE est a valoir sur
vos prochains achats dans tous les
magasins E.LECLERC participant a
l’operation et sur présentation de
votre carte E.LECLERC.
Modalites, duree de validité a l’accueil
En 2017, vous avez obtenu en tout,
grâce a la carte E.Leclerc,
23.36 E,
Merci de votre fidélité
NOUS VOUS REMERCIONS
DE VOTRE VISITE
ET TOUJOURS PLUS
D’AVANTAGES AVEC LA
CARTE E.LECLERC
DE VOTRE MAGASIN
"
468,1623,False,2017-04-06 14:27:00,0.5464666666666667,13.79,0.5008333333333334,"BIENVENUE A DISNEYLAND PARIS
Vendeur: 126314JESSI
Caissier: 126314JESSI
Ticket No: 45037806
Location: 40291 Thunder Mesa
Date: 16/4/2017 14:27
Infos :
General
1 MUG RETRO DD TM 12.99
1 CP ADVENTURELAS 0.80
TOTAL: 13.79
Dont TVA : 2.29
Carte bancaire 13.79
Date/heure: 16/4/2017 14:29
EURO DISNEY ASSOCIES SCA – BP 100
77777 Marne la Va11ee Cedex 4
SIREN 397 471 822 – RCS MEAUX
http ://www.disneylandparis.com
Conditions d’echange et de remboursement :
Echange ou remboursement sous 30 jours sur
presentation du ticket de caisse et de
l’article dans son etat et emballage
d’origine. Certains articles ne sont ni
repris ni echanges. Voir l’ensemble de nos
conditions en boutique.
Les articles Arribas sont echangeables et
remboursables uniquement dans les points
de vente Arribas(voir liste en boutique).
Detaxe a demander jusqu’à 23h, le jour de
vos achats.
Tax refund may be requested until 11pm on
the day of your purchases.
MERCI – BONNE JOURNEE
*** Detail des données TVA ***
Taux TVA Mt.HT Mt.TVA Mt.TTC
5.5% 0.00 0.00 0.00
10% 0.00 0.00 0.00
20% 11.50 2.29 13.79
Totaux 11.50 2.29 13.79"
469,1627,False,2017-04-06 16:15:00,0.5457333333333333,5.59,0.5011666666666666,"BIENVENUE A CABLE CAR
Serveur: 16115SYLVA
Caissier: 16115SYLVa
Terminal: 1004 Ticket No: 10043798
Date: 16/4/2017 6:14
Infos :
Fast Foo?
1 INSTANT CEL.CH 5.59
1 *MUFF SCOOF NATU
1 *THE*
TOTAL: 5.59
Dont TVA : 0.51
Carte bancaire 5.59
Date/heure: 16/4/2017 16:15
EURO DISNEY ASSOCIES SCA – BP 100
77777 Marne la Va?lee Cedex 4
SIREN 397 471 822 – RCS MEAUX
http ://www.disney andparis.com
*** Detail des donnees TVA ***
Taux TVA Mt.HT Mt.TVA Mt.TTC
5.5% 0.0O 0.00 0.00
10% 5.08 0.51 5.59
20% 0.0O 0.00 0.00
Totaux 5.08 0.51 5.59
"
471,1662,False,2017-04-04 13:34:25,0.6752,100.0,0.3345666666666667,"PAVILLON GARONNE
RUE LOUIS BLERIOT
33130 BEGUES FRANCE
SIRET:523I2821300023 NAF:5610A TVA:FR20523128213
TEL 05 56 49 04 90
TABLE 42
1 COUVERT JMG
Reference : Num : 0018282/002
Du 04-04-2017 13:34:25
JUSTIFICATIF 17.95
HT TVA TTC
C TVA 10.00% 16.32 1.63 17.95
JUSTIFICATIF NON VALABLE POUR ENCAISSEMENT
MARDI 04-04-2017 13:34:47
Cle 5-Serv: 5-Caisse 1-Num: 0018282/005
MERCI DE VOTRE VISITE
SARL OYSTER OU CAPITAL DE 10000 EUROS
PRIX NETS – SERVICE COMPRIS
"
474,1690,False,2016-07-15 23:49:00,0.6174,32.14,0.5016333333333334,"Le Moulin
FREDY&LABIDI.CO SPRL
Rue d? Bouchers, 28
10? Bruxelles
TVA: BE 0503.935.289
Tel: 02/513.11.03
7 jours sur 7
Maison fondée en 2013
15/07/2016 23:49
TABLE 5 Couverts 2
Unitaire Montant
2 Menu ? 18.00 36.00
TOTAL 36.00
HTVA TAXE ?VAC
TVA 12.00% CUISINE 32.14 3.86 36.00
TOTAL 32.14 3.86 36.00
Merci de votre visite
Dank u voor uw bezoek
Serv. : 001 No de caisse 1 DUPLICATA 2"
476,1698,False,2016-07-09 19:28:00,0.6237333333333334,64.1,0.5014333333333334,"TABLAPIZZA
C’EST BON D’ÊTRE LÀ
TABLAPIZZA LA ROCHELLE
Rue de la Scierie
17000 LA ROCHELLE
Tel : 0546442010
SIRET 753 859 370
204 CYRIL
Tbl 206/1 Fct 1738 Cts 3
19Jul’16 19:28
1 Martini rouge 3.90
1 Signature 6.50
1 Kir 3.90
2 Sld Chevre Chaud 25.80
1 Sld Boeuf 12.90
1 Tiramisu Nutella 5.90
1 Sld Fruits 5.20
2.38 T.V.A.20% 14.30
4.53 T.V.A.10% 49.80
20:34 Total du 64.10
T.V.A. 20% 2.38
T.V.A. 10% 4.53
Reglement a Table
Ouvert 7j/7 de 11h45 a 23h00
Prix Nets
Merci et a bientot
Rejoignez-nous sur notre page
Facebook
Tablapizza La Rochelle Minimes
"
478,1712,False,2017-07-12 19:27:00,0.6239666666666667,2.5,0.5008,"LEROY MERLIN
PUILBOREAU
tel : 05.46.68.32.32
cour matériaux : 7h30-20h
magasin :8h00 – 20h
www .leroymerlin.fr
Retrait commande
COMMANDE NO : 415001
EUR
SERVICES
LOCATION FOURGON
Le véhicule EB373KG a été loué du 12/07/
2017 18:15 au 12/07/2017 19:27.
H 49472983 15.00
TOTAL (EUR) 15.00
REPRISE ACPTE 415001 15.00 EUR
LIMOUSIN
*** TVA EUR ***
Tva H 20.00%  : 2.50 HT : 12.50
TOTAL TVA :  : 2.50 Total HT : 12.50
1 EURO : 6.55957 FRF
Vous souhaitez consulter ou parti-
ciper aux cours de bricolage,
renseignez-vous sur leroymerlin.fr
ou à l’accueil du magasin
Le calendrier annuel est disponible
à l’accueil du magasin ou sur notre
site. A bientôt dans votre magasin.
139-000020-023 9434 12/07/2017 19:29
"
481,1731,False,2014-12-06 17:43:00,0.6169666666666667,232.06,0.3357666666666666,"BRICO
E.Leclerc
ELECTRO BRICO JARDI
E.LECLERC SAPIAC
Rue de la 1ère ARMEE
82060 MONTAUBAN
TEL: 05.63.63.11.13
Caisse 101-0232 06 décembre 2014 17:43
Ticket 06/12/14 0 2WXE 0AA00
TTC TVA
EPICEA COUPE 2M/2.50M VERT 18.90 8
Total 1 article 18.90
Soit en franc : 123.98
(1 euro = 6.55957 francs)
CB 18.90
Rendu 0.00
Code HT TVA TTC
8 10%00 17.18 1.72 18.90
Restez connectés à
votre magasin
www.leclubleclercsapiac.fr
rejoignez nous
aussi sur facebook
le club
leclerc sapiac
Merci de votre
fidélité.
A BIENTOT.
"
482,1734,False,2018-07-08 02:17:15,0.5241666666666667,2.5,0.3344,"***CURE GOURMANDE***
23 GRAND RUE JEAN JAURES
30220 AIGUES MORTES
TEL : 0466515025
Numéro Date Heure Etab CaisseVd
46087 18/02/1715:52 101 003 01101

Désignation Montant TTC
1.000 SACHET CG 2015 BERLAND 8,50
3760145845245
1.000 SACHET PLASTIQUE-MINI 3,95
3760145821294
***** 12,45 € *****
Règlement
Espèces Euro 12,50 €
Espèces Euro -0,05 €
Taxe Montant Taux Base HT
TVA 0,21 5,500% 3,74
TVA 1,42 20,000% 7,08 
LA CURE GOURMANDE
Made in France
Vous avez été conseilé par
Christelle
"
484,1751,False,2014-04-12 14:37:52,0.6874333333333333,9.21,0.6674666666666667,"PARASHOP
PARASHOP
28 rue des Merciers
17000 LA ROCHELLE
Tel : 05 46 51 18 50
parashop.com
XLS MON ACTION MIN 19.45
0000000030924
XLS MON OBJECTIF S 17.40
0000000030926
TOTAL ACHATS EUROS 36.85
VOS REMISES PROMOTIONNELLES
XLS MON ACTION MINCE -4.86
XLS MON OBJECTIF SLI -4.35
TOTAL PROMOTIONS EUROS -9.21
TOTAL TICKET EUROS NET 27.64
CARTE BANCAIRE 27.64
TVA H.T.
TVA 5.50% 1.44 26.20
TOTAL TVA : 1.44 26.20
TPV : 001 HOT : INGRID
Ticket: 009481 le 12/04/2014 14:37:52
MERCI DE VOTRE VISITE
Echange ou remboursement sous 30
jours sur presentation de ce ticket
sur produit non ouvert, non utilise
* Du 1er au 21 avril 2014 -25% sur
la minceur a partir de 2 produits
achetes sur une selection de produits
signales par une etiquette prix
orange. Dans la limite des stocks,
non cumulable.
"
488,1829,False,2017-03-08 17:16:00,0.6171333333333333,20.08,0.3341666666666666,"E.LECLERC
SAINT JEAN D’ANGELY
VOUS SOUHAITE
LA BIENVENUE
TEL.: 05.46.32.11.83
Caisse 004-0104 08 mars 2017 17:16
Ticket 08/03/17 0 04IY 05E00
TTC TUA
>> EPICERIE
GROS SEL MER SAC,1KG 0.59 2
CHAMP,PERSILLADE350G 2,75 2
* COUSCOUS FIN 500G CDG 0.95 2
* BRIOCHE TRESS PEPI 600G EPIDOR 1,54 2
* AMANDE EN POUDRE T.BLANC 2.00 2
* AMANDE EN POUDRE T.BLANC 2,00 2
* AMANDES EFFILEES T. BLANC 2.00 2
* AMANDES EFFILEES T, BLANC 2.00 2
* EXQUIS THON/CREUETTE 80G LYCAT
8 X 0.68€ 5.44 5
LITIERE POUR CHAT 7L,7L 0.95 5
LITIERE POUR CHAT 7L,7L 0.95 5
Annulation :
LITIERE POUR CHAT 7L,7L -0.95 5
BISCOTTE NAT HEUDEBERT 102T 2.37 2
ULTIMA CHAT STERIL,POULET,1.5K 5,58 5
INFUSIONS MAROC LIPTON X20.40G 1.50 2
>> D.P.H
DEODORANT RGE SCORPIO AT0150ML 2.68 5
P.OILETTE ULTRA DX LOTUS.24P 8.49 5
DENTIFRICE CAPITAL GENCIVE 75M 1.46 5
>> CREMERIE
UHT BK CHARENTE POITOU 4.14 2
DECORE NOIX PIECE 30%MG,200G 2.86 2
SAINT AGUR PORTION,135G 2.19 2
* CREME DESSERT PRALIN X4DELISSE 0,99 2
* COULOMMIERS 24% 350G CROISES,3 1.52 2
* CREM DESS VANI/CARA X4 DELISSE 1,00 2
* YAOURTS AROMATISES,8X125G 2.44 2
PLANTA FIN DOUX 510G 1,70 5
>> VOLAILLES
SAUCISSES NATURES
2 X 3.95€ 7.90 2
>> FRUITS ET LEGUMES
BANANES 1.70 2
POIRES WILLIAMS 2.35 2
Total 35 articles 71,09
Bon immédiat 3.40
Reste 67,69
Especes 70.00
Rendu 2.31
Code HT TUA TTC
2 5%50 42.45 2.34 44.79
5 20%00 21.92 4.38 26.30
P.TOILETTE ULTRA DX LOTUS.24P 3.40
Avec la carte E,Leclerc
Détail des avantages obtenus :
Marque repère 1.00 €
Vous venez d’obtenir : 1.00 €
CUMUL DISPONIBLE AU 09/03/17 : 20.08 €
Ce CUMUL DISPONIBLE est 6 valoir sur
vos prochains achats dans tous les
magasins E.LECLERC participant A
l’opération et sur présentation de
votre carte E.LECLERC,
Modalités, durée de validité à l’accueil
NOUS VOUS REMERCIONS
DE VOTRE VISITE
ET TOUJOURS PLUS
D’AVANTAGES AVEC LA
CARTE E.LECLERC
DE VOTRE MAGASIN
"
489,1837,False,2014-05-09 05:46:44,0.5023333333333333,114.0,0.5012000000000001,"LA TAVERNE DE TASDON
83 Emile Normandin
17000 LA ROCHELLE
TEL: 05.46.44.95.14
SIRET 439 244 062 00014
MERCI DE VOTRE VISITE
16/01/2017 0001
13:26 N° FACTURE 0134
NoTABLE: 7
ANC. SOLDE: €0.00
COUVERT (S) 3
2* 3.50
VERRE DE VIN BAR €7.00
3x 24.00
ENTRECOTE €72.00
6x 1.50
CAFE €9.00
1x 26.00
CAVE SALLE €26.00
S/TOTAL ---> €114.00
tva_20% €5.50
tva_10% €7.36
ARTICLE (S) 12Q
CARTE €114.00
(FF)747.79
BALANCE €0.00
"
490,1840,False,2021-01-08 00:00:00,0.3019666666666666,11.0,0.5011666666666666,"LA TÊTE DE COCHON
BAZOUGES LA PEROUSE
06 81 21 14 74
1 Balance01 #45
JAN2017 12:56 Vend.1
kg €/kg €
trée prix unitaire
0,286 10,90 3,12
trée prix unitaire
0,232 22,90 5,31
trée prix unitaire
0,098 12,90 1,26
trée prix unitaire
0.138 9.50 1,31
LA TÊTE DE COCHON
BAZOUGES LA PEROUSE
06 81 21 14 74
Ray1 Balance01 #45
12JAN2017 12:56 Vend 1
kg €/kg €
trée prix unitaire
0,286 10,90 3,12
trée prix unitaire
0,232 22,90 5,31
trée prix unitaire
0,098 12,90 1,26
Entrée prix unitaire
0,138 9,50 1,31
4 Art Total € 11,00
merci de votre visite
à bientôt
"
493,1901,False,2019-07-01 02:38:00,0.5456,2.5,0.3342666666666666,"343 – PICARD SURGELES SAS
130 RUE DU FAUBOURG DE BOURGOGNE
45000 ORLEANS
0238520892
L’enseigne préférée des Français
*Colombo poiss.
2 * 2,00 4.00 €
*Poulet pestoFE
2 * 2,00 4.00 €
*Parm.poulet FE 2,50 €
*Colin Bord. FE 2.00 €
*Poulet basquai
2 * 2,00 4.00 €
*Blanq.volailFE
2 * 2,00 4.00 €
*Poulet teriyak 2.00 €
*Chili Carne FE
2 * 2,00 4.00 €
*Tartiflette FE
2 * 2,00 4.00 €
*Boulett sc bbq 2.00 €
TOTAL ( 16) 32,50 €
CB 32,50 .€
Mt HT Mt TVA Mt TTC
V1 5,5 % 30,81 1,69 32,50
Caisse Date Heure Ticket Empl
2 24.01.17 19:02 386436 SMOR
PROGRAMME DE FIDELITE – Inscrivez-vous
et recevez régulièrement : réductions,
surprises, actualités, idées recettes.
Rendez-vous sur WWW.PICARDETMOI.FR
6600343002386436
"
494,1902,False,2017-01-21 12:31:00,0.6696,8.1,0.3344333333333333,"SUPER U
SAINT AUBIN D’AUBIGNE
02.99.55.21.61
BIENVENUE DANS NOTRE MAGASIN
Opérateur Date Heure TPV Ticket
101 TL 21/01/17 12:31 3 320053
>>>> PRESSE
OUEST FRANCE 0,95 €
>>>> CREMERIE L.S.
YAOURTS NATURE BIEN VU 8X125G 0,95 €
TOTAL 2 Article(s) 1.90 €
ESPECES 10,00 €
Rendu ESPECES 8.10 €
0 / Exonéré, déclaré = 0,00 €
11 / Taux Réduit 5,5% = 0,05 €
Opérateur Date Heure TPV Ticket
101 TL 21/01/17 12:32 3 320053
POUR FAIRE VALOIR VOTRE
GARANTIE VOTRE TICKET DE
CAISSE SERA EXIGE
MERCI DE VOTRE VISITE
A BIENTÔT
6635134003320053
"
495,1919,False,2017-02-05 00:00:00,0.3727,32.85,0.5034666666666666,"Unité : 2 - Balance : 1 - Ticket : 58
DATE : 05/02/2017 HEURE :  13:51
VENDEUR : 2
Kg €/kg €
Unité 2
0,730 2,80 2,04
0,480 2,80 1,34
0,510 3,20 1,63
3 Articles
TOTAL : 5,01
EURO = 6,55957 F
Total en FRF 32,85 F
"
496,1929,False,2004-04-09 05:46:00,0.5793333333333334,10.0,0.334,"KIABI
C.C. Leclerc – Parc Atlantique
Chemin de Gaterat
17100 SAINTES
Tel : 05 46 94 04 95
Du lundi au samedi 9h30 à 19h30
Service client : 09 69 32 00 23
w Tee-shirt basique co 2,50 1
885656 BLEU 50/52
W Legging court 2,40 1
160342 BLEU 50/52
W Legging court 2,40 1
160342 BLEU 50/52
TOTAL A PAYER (3) 7,30
Espèces EUR 10,00
Rendu Espèces 2,70
TVA incluse:
1 20,00% 7,30 1,22
*** PAS DE CARTE DE FIDELITE ? ***
Vos achats auraient pu vous rapporter
4 points.
300 points = 15% de remise fidélité
(hors articles soldés,
jours fous et ultra prix)
50 points de bienvenue offerts pour
toute création de compte
sur KIABI.COM
Demandez votre carte, elle est gratuite!
Employé: CCAI
Date Heure Mag. Cai Transac
28.01.17 14:19 223 3 57405
Echanges et remboursements sous 30 jours
Hors gratuits et lots
Merci de votre visite et à bientôt
660223003005740520170128141851
"
497,1934,False,2017-01-16 12:28:00,0.7218333333333333,72.9,0.6698333333333333,"bagel
corner
Date : 16/01/2017 12:28 00
Commande N°: 129
Accueil :
Téléphone 10
Service : VENTE EN SAL
1 MENU ORIGINAL 7.90
1 ORIGINAL THON 150G PAVOT 0.00
1 MINUTE MAID ORANGE 0.00
1 BROWNIE 0.00
DONT TVA 10% . 0. 72€
TOTAL : 7290 Euros
BAGEL CORNER
41 RUE DE LA SCIERIE
17000 LA ROCHELLE
www.bagelcorner.fr
"
